institution_type,program,level,year,approved_intake,enrolled,passed,placed,institutions,girls,boys
Private,Engineering and Technology,UG,2012-13,,,,,0,,
Private,Engineering and Technology,UG,2013-14,,,,,0,,
Private,Engineering and Technology,UG,2014-15,,,,,0,,
Private,Engineering and Technology,UG,2015-16,,,,,0,,
Private,Engineering and Technology,UG,2016-17,,,,,0,,
Private,Engineering and Technology,UG,2017-18,,,,,0,,
Private,Engineering and Technology,UG,2018-19,,,,,0,,
Private,Engineering and Technology,UG,2019-20,,,,,0,,
Private,Engineering and Technology,UG,2020-21,,,,,0,,
Private,Engineering and Technology,UG,2021-22,,,,,0,,
Private,Engineering and Technology,UG,2022-23,,,,,0,,
Private,Engineering and Technology,PG,2012-13,,,,,0,,
Private,Engineering and Technology,PG,2013-14,,,,,0,,
Private,Engineering and Technology,PG,2014-15,,,,,0,,
Private,Engineering and Technology,PG,2015-16,,,,,0,,
Private,Engineering and Technology,PG,2016-17,,,,,0,,
Private,Engineering and Technology,PG,2017-18,,,,,0,,
Private,Engineering and Technology,PG,2018-19,,,,,0,,
Private,Engineering and Technology,PG,2019-20,,,,,0,,
Private,Engineering and Technology,PG,2020-21,,,,,0,,
Private,Engineering and Technology,PG,2021-22,,,,,0,,
Private,Engineering and Technology,PG,2022-23,,,,,0,,
Private,Engineering and Technology,DIPLOMA,2012-13,,,,,0,,
Private,Engineering and Technology,DIPLOMA,2013-14,,,,,0,,
Private,Engineering and Technology,DIPLOMA,2014-15,,,,,0,,
Private,Engineering and Technology,DIPLOMA,2015-16,,,,,0,,
Private,Engineering and Technology,DIPLOMA,2016-17,,,,,0,,
Private,Engineering and Technology,DIPLOMA,2017-18,,,,,0,,
Private,Engineering and Technology,DIPLOMA,2018-19,,,,,0,,
Private,Engineering and Technology,DIPLOMA,2019-20,,,,,0,,
Private,Engineering and Technology,DIPLOMA,2020-21,,,,,0,,
Private,Engineering and Technology,DIPLOMA,2021-22,,,,,0,,
Private,Engineering and Technology,DIPLOMA,2022-23,,,,,0,,
Private,Management,PG,2012-13,,,,,0,,
Private,Management,PG,2013-14,,,,,0,,
Private,Management,PG,2014-15,,,,,0,,
Private,Management,PG,2015-16,,,,,0,,
Private,Management,PG,2016-17,,,,,0,,
Private,Management,PG,2017-18,,,,,0,,
Private,Management,PG,2018-19,,,,,0,,
Private,Management,PG,2019-20,,,,,0,,
Private,Management,PG,2020-21,,,,,0,,
Private,Management,PG,2021-22,,,,,0,,
Private,Management,PG,2022-23,,,,,0,,
Private,MCA,PG,2012-13,,,,,0,,
Private,MCA,PG,2013-14,,,,,0,,
Private,MCA,PG,2014-15,,,,,0,,
Private,MCA,PG,2015-16,,,,,0,,
Private,MCA,PG,2016-17,,,,,0,,
Private,MCA,PG,2017-18,,,,,0,,
Private,MCA,PG,2018-19,,,,,0,,
Private,MCA,PG,2019-20,,,,,0,,
Private,MCA,PG,2020-21,,,,,0,,
Private,MCA,PG,2021-22,,,,,0,,
Private,MCA,PG,2022-23,,,,,0,,
Private,Pharmacy,UG,2012-13,,,,,0,,
Private,Pharmacy,UG,2013-14,,,,,0,,
Private,Pharmacy,UG,2014-15,,,,,0,,
Private,Pharmacy,UG,2015-16,,,,,0,,
Private,Pharmacy,UG,2016-17,,,,,0,,
Private,Pharmacy,UG,2017-18,,,,,0,,
Private,Pharmacy,UG,2018-19,,,,,0,,
Private,Pharmacy,UG,2019-20,,,,,0,,
Private,Pharmacy,UG,2020-21,,,,,0,,
Private,Pharmacy,UG,2021-22,,,,,0,,
Private,Pharmacy,UG,2022-23,,,,,0,,
Private,Architecture,UG,2012-13,,,,,0,,
Private,Architecture,UG,2013-14,,,,,0,,
Private,Architecture,UG,2014-15,,,,,0,,
Private,Architecture,UG,2015-16,,,,,0,,
Private,Architecture,UG,2016-17,,,,,0,,
Private,Architecture,UG,2017-18,,,,,0,,
Private,Architecture,UG,2018-19,,,,,0,,
Private,Architecture,UG,2019-20,,,,,0,,
Private,Architecture,UG,2020-21,,,,,0,,
Private,Architecture,UG,2021-22,,,,,0,,
Private,Architecture,UG,2022-23,,,,,0,,
Private,Hotel Management and Catering,UG,2012-13,,,,,0,,
Private,Hotel Management and Catering,UG,2013-14,,,,,0,,
Private,Hotel Management and Catering,UG,2014-15,,,,,0,,
Private,Hotel Management and Catering,UG,2015-16,,,,,0,,
Private,Hotel Management and Catering,UG,2016-17,,,,,0,,
Private,Hotel Management and Catering,UG,2017-18,,,,,0,,
Private,Hotel Management and Catering,UG,2018-19,,,,,0,,
Private,Hotel Management and Catering,UG,2019-20,,,,,0,,
Private,Hotel Management and Catering,UG,2020-21,,,,,0,,
Private,Hotel Management and Catering,UG,2021-22,,,,,0,,
Private,Hotel Management and Catering,UG,2022-23,,,,,0,,
Central University,Engineering and Technology,UG,2012-13,,,,,0,,
Central University,Engineering and Technology,UG,2013-14,240,65,66,0,1,,
Central University,Engineering and Technology,UG,2014-15,240,63,60,23,1,,
Central University,Engineering and Technology,UG,2015-16,1375,950,872,332,5,,
Central University,Engineering and Technology,UG,2016-17,1375,851,861,258,5,,
Central University,Engineering and Technology,UG,2017-18,1405,1080,505,281,6,,
Central University,Engineering and Technology,UG,2018-19,1420,1038,789,244,6,,
Central University,Engineering and Technology,UG,2019-20,970,1336,229,249,5,,
Central University,Engineering and Technology,UG,2020-21,1440,972,63,121,6,,
Central University,Engineering and Technology,UG,2021-22,1720,1623,562,345,7,274,1220
Central University,Engineering and Technology,UG,2022-23,3025,0,0,352,11,,
Central University,Engineering and Technology,PG,2012-13,,,,,0,,
Central University,Engineering and Technology,PG,2013-14,,,,,0,,
Central University,Engineering and Technology,PG,2014-15,36,35,29,14,2,,
Central University,Engineering and Technology,PG,2015-16,458,400,358,81,6,,
Central University,Engineering and Technology,PG,2016-17,484,371,332,129,7,,
Central University,Engineering and Technology,PG,2017-18,604,437,234,111,8,,
Central University,Engineering and Technology,PG,2018-19,654,448,370,74,9,,
Central University,Engineering and Technology,PG,2019-20,765,821,215,95,10,,
Central University,Engineering and Technology,PG,2020-21,823,549,134,112,9,,
Central University,Engineering and Technology,PG,2021-22,929,580,249,126,10,132,417
Central University,Engineering and Technology,PG,2022-23,1439,0,0,14,12,,
Central University,Engineering and Technology,DIPLOMA,2012-13,,,,,0,,
Central University,Engineering and Technology,DIPLOMA,2013-14,,,,,0,,
Central University,Engineering and Technology,DIPLOMA,2014-15,,,,,0,,
Central University,Engineering and Technology,DIPLOMA,2015-16,,,,,0,,
Central University,Engineering and Technology,DIPLOMA,2016-17,410,392,0,89,1,,
Central University,Engineering and Technology,DIPLOMA,2017-18,410,354,0,104,1,,
Central University,Engineering and Technology,DIPLOMA,2018-19,410,303,293,68,1,,
Central University,Engineering and Technology,DIPLOMA,2019-20,410,271,0,94,1,,
Central University,Engineering and Technology,DIPLOMA,2020-21,385,428,0,38,1,,
Central University,Engineering and Technology,DIPLOMA,2021-22,1045,521,292,99,4,41,471
Central University,Engineering and Technology,DIPLOMA,2022-23,1165,129,0,0,4,,
Central University,Management,PG,2012-13,,,,,0,,
Central University,Management,PG,2013-14,,,,,0,,
Central University,Management,PG,2014-15,100,70,69,33,2,,
Central University,Management,PG,2015-16,280,244,193,109,5,,
Central University,Management,PG,2016-17,280,210,189,105,5,,
Central University,Management,PG,2017-18,370,309,282,147,6,,
Central University,Management,PG,2018-19,430,329,270,171,7,,
Central University,Management,PG,2019-20,496,430,335,182,7,,
Central University,Management,PG,2020-21,546,421,122,147,7,,
Central University,Management,PG,2021-22,606,255,245,123,7,108,147
Central University,Management,PG,2022-23,766,56,0,12,8,,
Central University,MCA,PG,2012-13,,,,,0,,
Central University,MCA,PG,2013-14,,,,,0,,
Central University,MCA,PG,2014-15,,,,,0,,
Central University,MCA,PG,2015-16,40,38,38,29,1,,
Central University,MCA,PG,2016-17,40,43,38,22,1,,
Central University,MCA,PG,2017-18,40,42,43,22,1,,
Central University,MCA,PG,2018-19,40,56,45,22,1,,
Central University,MCA,PG,2019-20,86,81,54,40,2,,
Central University,MCA,PG,2020-21,86,25,45,45,2,,
Central University,MCA,PG,2021-22,116,67,137,100,3,7,27
Central University,MCA,PG,2022-23,250,0,0,0,5,,
Central University,Pharmacy,UG,2012-13,,,,,0,,
Central University,Pharmacy,UG,2013-14,60,52,44,0,1,,
Central University,Pharmacy,UG,2014-15,60,55,30,0,1,,
Central University,Pharmacy,UG,2015-16,60,58,41,4,1,,
Central University,Pharmacy,UG,2016-17,60,50,45,0,1,,
Central University,Pharmacy,UG,2017-18,160,119,60,0,2,,
Central University,Pharmacy,UG,2018-19,160,111,8,8,2,,
Central University,Pharmacy,UG,2019-20,160,123,83,28,2,,
Central University,Pharmacy,UG,2020-21,160,132,0,7,2,,
Central University,Pharmacy,UG,2021-22,160,121,53,15,2,50,66
Central University,Pharmacy,UG,2022-23,120,0,0,0,2,,
Central University,Architecture,UG,2012-13,,,,,0,,
Central University,Architecture,UG,2013-14,,,,,0,,
Central University,Architecture,UG,2014-15,,,,,0,,
Central University,Architecture,UG,2015-16,,,,,0,,
Central University,Architecture,UG,2016-17,,,,,0,,
Central University,Architecture,UG,2017-18,,,,,0,,
Central University,Architecture,UG,2018-19,,,,,0,,
Central University,Architecture,UG,2019-20,,,,,0,,
Central University,Architecture,UG,2020-21,,,,,0,,
Central University,Architecture,UG,2021-22,,,,,0,,
Central University,Architecture,UG,2022-23,,,,,0,,
Central University,Hotel Management and Catering,UG,2012-13,,,,,0,,
Central University,Hotel Management and Catering,UG,2013-14,,,,,0,,
Central University,Hotel Management and Catering,UG,2014-15,,,,,0,,
Central University,Hotel Management and Catering,UG,2015-16,,,,,0,,
Central University,Hotel Management and Catering,UG,2016-17,,,,,0,,
Central University,Hotel Management and Catering,UG,2017-18,,,,,0,,
Central University,Hotel Management and Catering,UG,2018-19,,,,,0,,
Central University,Hotel Management and Catering,UG,2019-20,,,,,0,,
Central University,Hotel Management and Catering,UG,2020-21,,,,,0,,
Central University,Hotel Management and Catering,UG,2021-22,,,,,0,,
Central University,Hotel Management and Catering,UG,2022-23,,,,,0,,
Deemed to be University(Govt),Engineering and Technology,UG,2012-13,,,,,0,,
Deemed to be University(Govt),Engineering and Technology,UG,2013-14,,,,,0,,
Deemed to be University(Govt),Engineering and Technology,UG,2014-15,,,,,0,,
Deemed to be University(Govt),Engineering and Technology,UG,2015-16,,,,,0,,
Deemed to be University(Govt),Engineering and Technology,UG,2016-17,,,,,0,,
Deemed to be University(Govt),Engineering and Technology,UG,2017-18,,,,,0,,
Deemed to be University(Govt),Engineering and Technology,UG,2018-19,,,,,0,,
Deemed to be University(Govt),Engineering and Technology,UG,2019-20,,,,,0,,
Deemed to be University(Govt),Engineering and Technology,UG,2020-21,3129,2268,0,1055,9,,
Deemed to be University(Govt),Engineering and Technology,UG,2021-22,3019,2726,1359,1100,9,493,1661
Deemed to be University(Govt),Engineering and Technology,UG,2022-23,4519,726,0,594,11,,
Deemed to be University(Govt),Engineering and Technology,PG,2012-13,,,,,0,,
Deemed to be University(Govt),Engineering and Technology,PG,2013-14,,,,,0,,
Deemed to be University(Govt),Engineering and Technology,PG,2014-15,,,,,0,,
Deemed to be University(Govt),Engineering and Technology,PG,2015-16,,,,,0,,
Deemed to be University(Govt),Engineering and Technology,PG,2016-17,,,,,0,,
Deemed to be University(Govt),Engineering and Technology,PG,2017-18,,,,,0,,
Deemed to be University(Govt),Engineering and Technology,PG,2018-19,,,,,0,,
Deemed to be University(Govt),Engineering and Technology,PG,2019-20,,,,,0,,
Deemed to be University(Govt),Engineering and Technology,PG,2020-21,3060,1107,8,298,13,,
Deemed to be University(Govt),Engineering and Technology,PG,2021-22,3055,991,626,322,13,230,439
Deemed to be University(Govt),Engineering and Technology,PG,2022-23,2148,111,0,29,12,,
Deemed to be University(Govt),Engineering and Technology,DIPLOMA,2012-13,,,,,0,,
Deemed to be University(Govt),Engineering and Technology,DIPLOMA,2013-14,,,,,0,,
Deemed to be University(Govt),Engineering and Technology,DIPLOMA,2014-15,,,,,0,,
Deemed to be University(Govt),Engineering and Technology,DIPLOMA,2015-16,,,,,0,,
Deemed to be University(Govt),Engineering and Technology,DIPLOMA,2016-17,,,,,0,,
Deemed to be University(Govt),Engineering and Technology,DIPLOMA,2017-18,,,,,0,,
Deemed to be University(Govt),Engineering and Technology,DIPLOMA,2018-19,,,,,0,,
Deemed to be University(Govt),Engineering and Technology,DIPLOMA,2019-20,,,,,0,,
Deemed to be University(Govt),Engineering and Technology,DIPLOMA,2020-21,540,632,0,2,2,,
Deemed to be University(Govt),Engineering and Technology,DIPLOMA,2021-22,540,500,0,2,2,115,383
Deemed to be University(Govt),Engineering and Technology,DIPLOMA,2022-23,600,0,0,0,3,,
Deemed to be University(Govt),Management,PG,2012-13,,,,,0,,
Deemed to be University(Govt),Management,PG,2013-14,,,,,0,,
Deemed to be University(Govt),Management,PG,2014-15,,,,,0,,
Deemed to be University(Govt),Management,PG,2015-16,,,,,0,,
Deemed to be University(Govt),Management,PG,2016-17,,,,,0,,
Deemed to be University(Govt),Management,PG,2017-18,,,,,0,,
Deemed to be University(Govt),Management,PG,2018-19,,,,,0,,
Deemed to be University(Govt),Management,PG,2019-20,,,,,0,,
Deemed to be University(Govt),Management,PG,2020-21,560,395,0,174,5,,
Deemed to be University(Govt),Management,PG,2021-22,560,105,317,232,5,26,79
Deemed to be University(Govt),Management,PG,2022-23,648,0,0,3,6,,
Deemed to be University(Govt),MCA,PG,2012-13,,,,,0,,
Deemed to be University(Govt),MCA,PG,2013-14,,,,,0,,
Deemed to be University(Govt),MCA,PG,2014-15,,,,,0,,
Deemed to be University(Govt),MCA,PG,2015-16,,,,,0,,
Deemed to be University(Govt),MCA,PG,2016-17,,,,,0,,
Deemed to be University(Govt),MCA,PG,2017-18,,,,,0,,
Deemed to be University(Govt),MCA,PG,2018-19,,,,,0,,
Deemed to be University(Govt),MCA,PG,2019-20,,,,,0,,
Deemed to be University(Govt),MCA,PG,2020-21,,,,,0,,
Deemed to be University(Govt),MCA,PG,2021-22,,,,,0,,
Deemed to be University(Govt),MCA,PG,2022-23,,,,,0,,
Deemed to be University(Govt),Pharmacy,UG,2012-13,,,,,0,,
Deemed to be University(Govt),Pharmacy,UG,2013-14,,,,,0,,
Deemed to be University(Govt),Pharmacy,UG,2014-15,,,,,0,,
Deemed to be University(Govt),Pharmacy,UG,2015-16,,,,,0,,
Deemed to be University(Govt),Pharmacy,UG,2016-17,,,,,0,,
Deemed to be University(Govt),Pharmacy,UG,2017-18,,,,,0,,
Deemed to be University(Govt),Pharmacy,UG,2018-19,,,,,0,,
Deemed to be University(Govt),Pharmacy,UG,2019-20,,,,,0,,
Deemed to be University(Govt),Pharmacy,UG,2020-21,150,150,0,44,2,,
Deemed to be University(Govt),Pharmacy,UG,2021-22,150,151,147,65,2,74,77
Deemed to be University(Govt),Pharmacy,UG,2022-23,90,0,0,0,2,,
Deemed to be University(Govt),Architecture,UG,2012-13,,,,,0,,
Deemed to be University(Govt),Architecture,UG,2013-14,,,,,0,,
Deemed to be University(Govt),Architecture,UG,2014-15,,,,,0,,
Deemed to be University(Govt),Architecture,UG,2015-16,,,,,0,,
Deemed to be University(Govt),Architecture,UG,2016-17,,,,,0,,
Deemed to be University(Govt),Architecture,UG,2017-18,,,,,0,,
Deemed to be University(Govt),Architecture,UG,2018-19,,,,,0,,
Deemed to be University(Govt),Architecture,UG,2019-20,,,,,0,,
Deemed to be University(Govt),Architecture,UG,2020-21,,,,,0,,
Deemed to be University(Govt),Architecture,UG,2021-22,,,,,0,,
Deemed to be University(Govt),Architecture,UG,2022-23,,,,,0,,
Deemed to be University(Govt),Hotel Management and Catering,UG,2012-13,,,,,0,,
Deemed to be University(Govt),Hotel Management and Catering,UG,2013-14,,,,,0,,
Deemed to be University(Govt),Hotel Management and Catering,UG,2014-15,,,,,0,,
Deemed to be University(Govt),Hotel Management and Catering,UG,2015-16,,,,,0,,
Deemed to be University(Govt),Hotel Management and Catering,UG,2016-17,,,,,0,,
Deemed to be University(Govt),Hotel Management and Catering,UG,2017-18,,,,,0,,
Deemed to be University(Govt),Hotel Management and Catering,UG,2018-19,,,,,0,,
Deemed to be University(Govt),Hotel Management and Catering,UG,2019-20,,,,,0,,
Deemed to be University(Govt),Hotel Management and Catering,UG,2020-21,,,,,0,,
Deemed to be University(Govt),Hotel Management and Catering,UG,2021-22,,,,,0,,
Deemed to be University(Govt),Hotel Management and Catering,UG,2022-23,,,,,0,,
Deemed to be University(Pvt),Engineering and Technology,UG,2012-13,,,,,0,,
Deemed to be University(Pvt),Engineering and Technology,UG,2013-14,,,,,0,,
Deemed to be University(Pvt),Engineering and Technology,UG,2014-15,,,,,0,,
Deemed to be University(Pvt),Engineering and Technology,UG,2015-16,,,,,0,,
Deemed to be University(Pvt),Engineering and Technology,UG,2016-17,,,,,0,,
Deemed to be University(Pvt),Engineering and Technology,UG,2017-18,,,,,0,,
Deemed to be University(Pvt),Engineering and Technology,UG,2018-19,,,,,0,,
Deemed to be University(Pvt),Engineering and Technology,UG,2019-20,,,,,0,,
Deemed to be University(Pvt),Engineering and Technology,UG,2020-21,81471,58423,22598,33308,68,,
Deemed to be University(Pvt),Engineering and Technology,UG,2021-22,77603,55054,41271,37578,68,16233,37892
Deemed to be University(Pvt),Engineering and Technology,UG,2022-23,82468,634,0,3404,72,,
Deemed to be University(Pvt),Engineering and Technology,PG,2012-13,,,,,0,,
Deemed to be University(Pvt),Engineering and Technology,PG,2013-14,,,,,0,,
Deemed to be University(Pvt),Engineering and Technology,PG,2014-15,,,,,0,,
Deemed to be University(Pvt),Engineering and Technology,PG,2015-16,,,,,0,,
Deemed to be University(Pvt),Engineering and Technology,PG,2016-17,,,,,0,,
Deemed to be University(Pvt),Engineering and Technology,PG,2017-18,,,,,0,,
Deemed to be University(Pvt),Engineering and Technology,PG,2018-19,,,,,0,,
Deemed to be University(Pvt),Engineering and Technology,PG,2019-20,,,,,0,,
Deemed to be University(Pvt),Engineering and Technology,PG,2020-21,11651,6034,1830,2170,56,,
Deemed to be University(Pvt),Engineering and Technology,PG,2021-22,10514,4474,3684,2786,61,1493,2977
Deemed to be University(Pvt),Engineering and Technology,PG,2022-23,10760,3,0,159,63,,
Deemed to be University(Pvt),Engineering and Technology,DIPLOMA,2012-13,,,,,0,,
Deemed to be University(Pvt),Engineering and Technology,DIPLOMA,2013-14,,,,,0,,
Deemed to be University(Pvt),Engineering and Technology,DIPLOMA,2014-15,,,,,0,,
Deemed to be University(Pvt),Engineering and Technology,DIPLOMA,2015-16,,,,,0,,
Deemed to be University(Pvt),Engineering and Technology,DIPLOMA,2016-17,,,,,0,,
Deemed to be University(Pvt),Engineering and Technology,DIPLOMA,2017-18,,,,,0,,
Deemed to be University(Pvt),Engineering and Technology,DIPLOMA,2018-19,,,,,0,,
Deemed to be University(Pvt),Engineering and Technology,DIPLOMA,2019-20,,,,,0,,
Deemed to be University(Pvt),Engineering and Technology,DIPLOMA,2020-21,600,244,0,190,2,,
Deemed to be University(Pvt),Engineering and Technology,DIPLOMA,2021-22,360,227,145,145,2,0,72
Deemed to be University(Pvt),Engineering and Technology,DIPLOMA,2022-23,2610,0,0,133,8,,
Deemed to be University(Pvt),Management,PG,2012-13,,,,,0,,
Deemed to be University(Pvt),Management,PG,2013-14,,,,,0,,
Deemed to be University(Pvt),Management,PG,2014-15,,,,,0,,
Deemed to be University(Pvt),Management,PG,2015-16,,,,,0,,
Deemed to be University(Pvt),Management,PG,2016-17,,,,,0,,
Deemed to be University(Pvt),Management,PG,2017-18,,,,,0,,
Deemed to be University(Pvt),Management,PG,2018-19,,,,,0,,
Deemed to be University(Pvt),Management,PG,2019-20,,,,,0,,
Deemed to be University(Pvt),Management,PG,2020-21,14528,11104,4438,6828,66,,
Deemed to be University(Pvt),Management,PG,2021-22,17498,14187,5754,8777,74,6099,8036
Deemed to be University(Pvt),Management,PG,2022-23,20600,1006,0,352,81,,
Deemed to be University(Pvt),MCA,PG,2012-13,,,,,0,,
Deemed to be University(Pvt),MCA,PG,2013-14,,,,,0,,
Deemed to be University(Pvt),MCA,PG,2014-15,,,,,0,,
Deemed to be University(Pvt),MCA,PG,2015-16,,,,,0,,
Deemed to be University(Pvt),MCA,PG,2016-17,,,,,0,,
Deemed to be University(Pvt),MCA,PG,2017-18,,,,,0,,
Deemed to be University(Pvt),MCA,PG,2018-19,,,,,0,,
Deemed to be University(Pvt),MCA,PG,2019-20,,,,,0,,
Deemed to be University(Pvt),MCA,PG,2020-21,2820,2404,980,1068,36,,
Deemed to be University(Pvt),MCA,PG,2021-22,3066,2444,1316,1553,39,962,1461
Deemed to be University(Pvt),MCA,PG,2022-23,4116,45,0,151,44,,
Deemed to be University(Pvt),Pharmacy,UG,2012-13,,,,,0,,
Deemed to be University(Pvt),Pharmacy,UG,2013-14,,,,,0,,
Deemed to be University(Pvt),Pharmacy,UG,2014-15,,,,,0,,
Deemed to be University(Pvt),Pharmacy,UG,2015-16,,,,,0,,
Deemed to be University(Pvt),Pharmacy,UG,2016-17,,,,,0,,
Deemed to be University(Pvt),Pharmacy,UG,2017-18,,,,,0,,
Deemed to be University(Pvt),Pharmacy,UG,2018-19,,,,,0,,
Deemed to be University(Pvt),Pharmacy,UG,2019-20,,,,,0,,
Deemed to be University(Pvt),Pharmacy,UG,2020-21,1680,1499,283,346,21,,
Deemed to be University(Pvt),Pharmacy,UG,2021-22,1670,1495,754,529,20,697,798
Deemed to be University(Pvt),Pharmacy,UG,2022-23,1690,0,0,3,20,,
Deemed to be University(Pvt),Architecture,UG,2012-13,,,,,0,,
Deemed to be University(Pvt),Architecture,UG,2013-14,,,,,0,,
Deemed to be University(Pvt),Architecture,UG,2014-15,,,,,0,,
Deemed to be University(Pvt),Architecture,UG,2015-16,,,,,0,,
Deemed to be University(Pvt),Architecture,UG,2016-17,,,,,0,,
Deemed to be University(Pvt),Architecture,UG,2017-18,,,,,0,,
Deemed to be University(Pvt),Architecture,UG,2018-19,,,,,0,,
Deemed to be University(Pvt),Architecture,UG,2019-20,,,,,0,,
Deemed to be University(Pvt),Architecture,UG,2020-21,,,,,0,,
Deemed to be University(Pvt),Architecture,UG,2021-22,,,,,0,,
Deemed to be University(Pvt),Architecture,UG,2022-23,,,,,0,,
Deemed to be University(Pvt),Hotel Management and Catering,UG,2012-13,,,,,0,,
Deemed to be University(Pvt),Hotel Management and Catering,UG,2013-14,,,,,0,,
Deemed to be University(Pvt),Hotel Management and Catering,UG,2014-15,,,,,0,,
Deemed to be University(Pvt),Hotel Management and Catering,UG,2015-16,,,,,0,,
Deemed to be University(Pvt),Hotel Management and Catering,UG,2016-17,,,,,0,,
Deemed to be University(Pvt),Hotel Management and Catering,UG,2017-18,,,,,0,,
Deemed to be University(Pvt),Hotel Management and Catering,UG,2018-19,,,,,0,,
Deemed to be University(Pvt),Hotel Management and Catering,UG,2019-20,,,,,0,,
Deemed to be University(Pvt),Hotel Management and Catering,UG,2020-21,150,121,58,102,2,,
Deemed to be University(Pvt),Hotel Management and Catering,UG,2021-22,300,280,0,78,3,101,179
Deemed to be University(Pvt),Hotel Management and Catering,UG,2022-23,360,0,0,0,4,,
Deemed University(Government),Engineering and Technology,UG,2012-13,,,,,0,,
Deemed University(Government),Engineering and Technology,UG,2013-14,330,346,143,17,2,,
Deemed University(Government),Engineering and Technology,UG,2014-15,180,174,0,0,1,,
Deemed University(Government),Engineering and Technology,UG,2015-16,685,710,330,264,2,,
Deemed University(Government),Engineering and Technology,UG,2016-17,180,170,106,68,1,,
Deemed University(Government),Engineering and Technology,UG,2017-18,865,976,843,396,3,,
Deemed University(Government),Engineering and Technology,UG,2018-19,1460,1232,951,539,5,,
Deemed University(Government),Engineering and Technology,UG,2019-20,1865,1461,979,594,5,,
Deemed University(Government),Engineering and Technology,UG,2020-21,,,,,0,,
Deemed University(Government),Engineering and Technology,UG,2021-22,,,,,0,,
Deemed University(Government),Engineering and Technology,UG,2022-23,,,,,0,,
Deemed University(Government),Engineering and Technology,PG,2012-13,,,,,0,,
Deemed University(Government),Engineering and Technology,PG,2013-14,126,104,86,59,2,,
Deemed University(Government),Engineering and Technology,PG,2014-15,90,88,85,73,1,,
Deemed University(Government),Engineering and Technology,PG,2015-16,425,419,297,156,3,,
Deemed University(Government),Engineering and Technology,PG,2016-17,138,131,84,71,2,,
Deemed University(Government),Engineering and Technology,PG,2017-18,533,433,315,134,4,,
Deemed University(Government),Engineering and Technology,PG,2018-19,2963,885,415,149,10,,
Deemed University(Government),Engineering and Technology,PG,2019-20,2421,1051,355,322,9,,
Deemed University(Government),Engineering and Technology,PG,2020-21,,,,,0,,
Deemed University(Government),Engineering and Technology,PG,2021-22,,,,,0,,
Deemed University(Government),Engineering and Technology,PG,2022-23,,,,,0,,
Deemed University(Government),Engineering and Technology,DIPLOMA,2012-13,,,,,0,,
Deemed University(Government),Engineering and Technology,DIPLOMA,2013-14,,,,,0,,
Deemed University(Government),Engineering and Technology,DIPLOMA,2014-15,,,,,0,,
Deemed University(Government),Engineering and Technology,DIPLOMA,2015-16,,,,,0,,
Deemed University(Government),Engineering and Technology,DIPLOMA,2016-17,,,,,0,,
Deemed University(Government),Engineering and Technology,DIPLOMA,2017-18,,,,,0,,
Deemed University(Government),Engineering and Technology,DIPLOMA,2018-19,,,,,0,,
Deemed University(Government),Engineering and Technology,DIPLOMA,2019-20,180,105,0,0,1,,
Deemed University(Government),Engineering and Technology,DIPLOMA,2020-21,,,,,0,,
Deemed University(Government),Engineering and Technology,DIPLOMA,2021-22,,,,,0,,
Deemed University(Government),Engineering and Technology,DIPLOMA,2022-23,,,,,0,,
Deemed University(Government),Management,PG,2012-13,,,,,0,,
Deemed University(Government),Management,PG,2013-14,,,,,0,,
Deemed University(Government),Management,PG,2014-15,240,121,181,111,1,,
Deemed University(Government),Management,PG,2015-16,240,179,160,82,1,,
Deemed University(Government),Management,PG,2016-17,240,174,158,77,1,,
Deemed University(Government),Management,PG,2017-18,240,215,173,110,1,,
Deemed University(Government),Management,PG,2018-19,260,312,184,167,2,,
Deemed University(Government),Management,PG,2019-20,380,387,258,147,4,,
Deemed University(Government),Management,PG,2020-21,,,,,0,,
Deemed University(Government),Management,PG,2021-22,,,,,0,,
Deemed University(Government),Management,PG,2022-23,,,,,0,,
Deemed University(Government),MCA,PG,2012-13,,,,,0,,
Deemed University(Government),MCA,PG,2013-14,,,,,0,,
Deemed University(Government),MCA,PG,2014-15,,,,,0,,
Deemed University(Government),MCA,PG,2015-16,,,,,0,,
Deemed University(Government),MCA,PG,2016-17,,,,,0,,
Deemed University(Government),MCA,PG,2017-18,,,,,0,,
Deemed University(Government),MCA,PG,2018-19,,,,,0,,
Deemed University(Government),MCA,PG,2019-20,,,,,0,,
Deemed University(Government),MCA,PG,2020-21,,,,,0,,
Deemed University(Government),MCA,PG,2021-22,,,,,0,,
Deemed University(Government),MCA,PG,2022-23,,,,,0,,
Deemed University(Government),Pharmacy,UG,2012-13,,,,,0,,
Deemed University(Government),Pharmacy,UG,2013-14,120,97,108,35,1,,
Deemed University(Government),Pharmacy,UG,2014-15,120,109,107,37,1,,
Deemed University(Government),Pharmacy,UG,2015-16,120,114,110,38,1,,
Deemed University(Government),Pharmacy,UG,2016-17,120,106,111,12,1,,
Deemed University(Government),Pharmacy,UG,2017-18,120,116,116,32,1,,
Deemed University(Government),Pharmacy,UG,2018-19,120,119,110,82,1,,
Deemed University(Government),Pharmacy,UG,2019-20,120,113,120,76,1,,
Deemed University(Government),Pharmacy,UG,2020-21,,,,,0,,
Deemed University(Government),Pharmacy,UG,2021-22,,,,,0,,
Deemed University(Government),Pharmacy,UG,2022-23,,,,,0,,
Deemed University(Government),Architecture,UG,2012-13,,,,,0,,
Deemed University(Government),Architecture,UG,2013-14,,,,,0,,
Deemed University(Government),Architecture,UG,2014-15,,,,,0,,
Deemed University(Government),Architecture,UG,2015-16,,,,,0,,
Deemed University(Government),Architecture,UG,2016-17,,,,,0,,
Deemed University(Government),Architecture,UG,2017-18,,,,,0,,
Deemed University(Government),Architecture,UG,2018-19,,,,,0,,
Deemed University(Government),Architecture,UG,2019-20,,,,,0,,
Deemed University(Government),Architecture,UG,2020-21,,,,,0,,
Deemed University(Government),Architecture,UG,2021-22,,,,,0,,
Deemed University(Government),Architecture,UG,2022-23,,,,,0,,
Deemed University(Government),Hotel Management and Catering,UG,2012-13,,,,,0,,
Deemed University(Government),Hotel Management and Catering,UG,2013-14,,,,,0,,
Deemed University(Government),Hotel Management and Catering,UG,2014-15,,,,,0,,
Deemed University(Government),Hotel Management and Catering,UG,2015-16,,,,,0,,
Deemed University(Government),Hotel Management and Catering,UG,2016-17,,,,,0,,
Deemed University(Government),Hotel Management and Catering,UG,2017-18,,,,,0,,
Deemed University(Government),Hotel Management and Catering,UG,2018-19,,,,,0,,
Deemed University(Government),Hotel Management and Catering,UG,2019-20,,,,,0,,
Deemed University(Government),Hotel Management and Catering,UG,2020-21,,,,,0,,
Deemed University(Government),Hotel Management and Catering,UG,2021-22,,,,,0,,
Deemed University(Government),Hotel Management and Catering,UG,2022-23,,,,,0,,
Deemed University(Private),Engineering and Technology,UG,2012-13,,,,,0,,
Deemed University(Private),Engineering and Technology,UG,2013-14,3185,3195,2671,2303,5,,
Deemed University(Private),Engineering and Technology,UG,2014-15,3725,3607,2897,2464,6,,
Deemed University(Private),Engineering and Technology,UG,2015-16,7655,6834,6110,4808,10,,
Deemed University(Private),Engineering and Technology,UG,2016-17,8310,7405,5519,4635,11,,
Deemed University(Private),Engineering and Technology,UG,2017-18,8840,7613,4091,2845,12,,
Deemed University(Private),Engineering and Technology,UG,2018-19,74000,47910,25584,25915,58,,
Deemed University(Private),Engineering and Technology,UG,2019-20,82185,61004,36779,28501,65,,
Deemed University(Private),Engineering and Technology,UG,2020-21,,,,,0,,
Deemed University(Private),Engineering and Technology,UG,2021-22,,,,,0,,
Deemed University(Private),Engineering and Technology,UG,2022-23,,,,,0,,
Deemed University(Private),Engineering and Technology,PG,2012-13,,,,,0,,
Deemed University(Private),Engineering and Technology,PG,2013-14,830,760,633,322,5,,
Deemed University(Private),Engineering and Technology,PG,2014-15,1037,684,805,471,5,,
Deemed University(Private),Engineering and Technology,PG,2015-16,2387,1609,1496,691,10,,
Deemed University(Private),Engineering and Technology,PG,2016-17,2405,1594,1483,586,10,,
Deemed University(Private),Engineering and Technology,PG,2017-18,2447,1520,728,311,10,,
Deemed University(Private),Engineering and Technology,PG,2018-19,11811,4217,2389,1875,50,,
Deemed University(Private),Engineering and Technology,PG,2019-20,12714,5233,3501,2025,56,,
Deemed University(Private),Engineering and Technology,PG,2020-21,,,,,0,,
Deemed University(Private),Engineering and Technology,PG,2021-22,,,,,0,,
Deemed University(Private),Engineering and Technology,PG,2022-23,,,,,0,,
Deemed University(Private),Engineering and Technology,DIPLOMA,2012-13,,,,,0,,
Deemed University(Private),Engineering and Technology,DIPLOMA,2013-14,,,,,0,,
Deemed University(Private),Engineering and Technology,DIPLOMA,2014-15,,,,,0,,
Deemed University(Private),Engineering and Technology,DIPLOMA,2015-16,,,,,0,,
Deemed University(Private),Engineering and Technology,DIPLOMA,2016-17,,,,,0,,
Deemed University(Private),Engineering and Technology,DIPLOMA,2017-18,,,,,0,,
Deemed University(Private),Engineering and Technology,DIPLOMA,2018-19,300,0,0,0,1,,
Deemed University(Private),Engineering and Technology,DIPLOMA,2019-20,300,0,0,0,1,,
Deemed University(Private),Engineering and Technology,DIPLOMA,2020-21,,,,,0,,
Deemed University(Private),Engineering and Technology,DIPLOMA,2021-22,,,,,0,,
Deemed University(Private),Engineering and Technology,DIPLOMA,2022-23,,,,,0,,
Deemed University(Private),Management,PG,2012-13,,,,,0,,
Deemed University(Private),Management,PG,2013-14,680,472,403,364,3,,
Deemed University(Private),Management,PG,2014-15,680,472,461,440,3,,
Deemed University(Private),Management,PG,2015-16,1400,1107,926,663,9,,
Deemed University(Private),Management,PG,2016-17,1400,1204,984,760,9,,
Deemed University(Private),Management,PG,2017-18,1340,1153,937,640,8,,
Deemed University(Private),Management,PG,2018-19,12198,8596,5166,4599,48,,
Deemed University(Private),Management,PG,2019-20,14358,10904,6991,6781,63,,
Deemed University(Private),Management,PG,2020-21,,,,,0,,
Deemed University(Private),Management,PG,2021-22,,,,,0,,
Deemed University(Private),Management,PG,2022-23,,,,,0,,
Deemed University(Private),MCA,PG,2012-13,,,,,0,,
Deemed University(Private),MCA,PG,2013-14,330,195,319,229,4,,
Deemed University(Private),MCA,PG,2014-15,330,133,296,215,4,,
Deemed University(Private),MCA,PG,2015-16,630,357,475,234,8,,
Deemed University(Private),MCA,PG,2016-17,630,356,342,244,8,,
Deemed University(Private),MCA,PG,2017-18,570,346,272,187,7,,
Deemed University(Private),MCA,PG,2018-19,2490,1406,832,878,29,,
Deemed University(Private),MCA,PG,2019-20,2610,1671,1182,865,34,,
Deemed University(Private),MCA,PG,2020-21,,,,,0,,
Deemed University(Private),MCA,PG,2021-22,,,,,0,,
Deemed University(Private),MCA,PG,2022-23,,,,,0,,
Deemed University(Private),Pharmacy,UG,2012-13,,,,,0,,
Deemed University(Private),Pharmacy,UG,2013-14,,,,,0,,
Deemed University(Private),Pharmacy,UG,2014-15,60,60,27,14,1,,
Deemed University(Private),Pharmacy,UG,2015-16,390,330,214,54,4,,
Deemed University(Private),Pharmacy,UG,2016-17,390,349,296,72,4,,
Deemed University(Private),Pharmacy,UG,2017-18,370,357,246,77,4,,
Deemed University(Private),Pharmacy,UG,2018-19,1270,1024,542,346,15,,
Deemed University(Private),Pharmacy,UG,2019-20,1900,1352,497,203,24,,
Deemed University(Private),Pharmacy,UG,2020-21,,,,,0,,
Deemed University(Private),Pharmacy,UG,2021-22,,,,,0,,
Deemed University(Private),Pharmacy,UG,2022-23,,,,,0,,
Deemed University(Private),Architecture,UG,2012-13,,,,,0,,
Deemed University(Private),Architecture,UG,2013-14,,,,,0,,
Deemed University(Private),Architecture,UG,2014-15,,,,,0,,
Deemed University(Private),Architecture,UG,2015-16,,,,,0,,
Deemed University(Private),Architecture,UG,2016-17,,,,,0,,
Deemed University(Private),Architecture,UG,2017-18,,,,,0,,
Deemed University(Private),Architecture,UG,2018-19,1560,912,393,286,20,,
Deemed University(Private),Architecture,UG,2019-20,,,,,0,,
Deemed University(Private),Architecture,UG,2020-21,,,,,0,,
Deemed University(Private),Architecture,UG,2021-22,,,,,0,,
Deemed University(Private),Architecture,UG,2022-23,,,,,0,,
Deemed University(Private),Hotel Management and Catering,UG,2012-13,,,,,0,,
Deemed University(Private),Hotel Management and Catering,UG,2013-14,,,,,0,,
Deemed University(Private),Hotel Management and Catering,UG,2014-15,,,,,0,,
Deemed University(Private),Hotel Management and Catering,UG,2015-16,180,177,78,51,1,,
Deemed University(Private),Hotel Management and Catering,UG,2016-17,180,180,62,30,1,,
Deemed University(Private),Hotel Management and Catering,UG,2017-18,180,180,118,118,1,,
Deemed University(Private),Hotel Management and Catering,UG,2018-19,330,300,64,158,3,,
Deemed University(Private),Hotel Management and Catering,UG,2019-20,150,118,56,42,2,,
Deemed University(Private),Hotel Management and Catering,UG,2020-21,,,,,0,,
Deemed University(Private),Hotel Management and Catering,UG,2021-22,,,,,0,,
Deemed University(Private),Hotel Management and Catering,UG,2022-23,,,,,0,,
Government,Engineering and Technology,UG,2012-13,55414,50305,40032,13066,160,,
Government,Engineering and Technology,UG,2013-14,63615,54591,46279,15097,179,,
Government,Engineering and Technology,UG,2014-15,65441,56091,47779,17104,184,,
Government,Engineering and Technology,UG,2015-16,67561,55802,50143,18145,197,,
Government,Engineering and Technology,UG,2016-17,71134,58802,52770,14841,212,,
Government,Engineering and Technology,UG,2017-18,74780,57729,54564,16279,221,,
Government,Engineering and Technology,UG,2018-19,78368,55795,52086,17894,237,,
Government,Engineering and Technology,UG,2019-20,83911,62828,48511,19168,270,,
Government,Engineering and Technology,UG,2020-21,83959,59555,10897,16743,282,,
Government,Engineering and Technology,UG,2021-22,83905,56884,36304,23120,288,15026,36763
Government,Engineering and Technology,UG,2022-23,85095,3123,0,3174,293,,
Government,Engineering and Technology,PG,2012-13,15312,11037,8359,2731,140,,
Government,Engineering and Technology,PG,2013-14,18981,12510,10207,2950,160,,
Government,Engineering and Technology,PG,2014-15,19568,13260,10477,3304,167,,
Government,Engineering and Technology,PG,2015-16,19841,12387,10930,3528,175,,
Government,Engineering and Technology,PG,2016-17,20263,11390,9869,2959,177,,
Government,Engineering and Technology,PG,2017-18,20153,12159,10618,2711,180,,
Government,Engineering and Technology,PG,2018-19,20401,10712,9849,2845,191,,
Government,Engineering and Technology,PG,2019-20,19759,11133,7593,3044,195,,
Government,Engineering and Technology,PG,2020-21,18247,10137,1819,2458,195,,
Government,Engineering and Technology,PG,2021-22,17887,7350,4546,2973,197,2530,4778
Government,Engineering and Technology,PG,2022-23,16560,167,0,128,193,,
Government,Engineering and Technology,DIPLOMA,2012-13,219026,179416,110756,29049,783,,
Government,Engineering and Technology,DIPLOMA,2013-14,236947,187806,120402,35169,840,,
Government,Engineering and Technology,DIPLOMA,2014-15,255629,197087,124581,36830,908,,
Government,Engineering and Technology,DIPLOMA,2015-16,258806,207290,130137,37730,963,,
Government,Engineering and Technology,DIPLOMA,2016-17,273671,214253,134382,42962,1072,,
Government,Engineering and Technology,DIPLOMA,2017-18,282227,214798,141788,49234,1134,,
Government,Engineering and Technology,DIPLOMA,2018-19,290975,216206,148716,55139,1166,,
Government,Engineering and Technology,DIPLOMA,2019-20,288833,220551,135734,53525,1206,,
Government,Engineering and Technology,DIPLOMA,2020-21,287705,203715,19713,50901,1219,,
Government,Engineering and Technology,DIPLOMA,2021-22,289191,196514,110918,58174,1249,36758,147750
Government,Engineering and Technology,DIPLOMA,2022-23,296141,13669,0,13132,1268,,
Government,Management,PG,2012-13,8704,5672,4275,1591,111,,
Government,Management,PG,2013-14,9790,5573,4498,2041,125,,
Government,Management,PG,2014-15,9878,5359,4242,2073,123,,
Government,Management,PG,2015-16,9880,5025,4195,2119,127,,
Government,Management,PG,2016-17,9471,5447,4481,2326,124,,
Government,Management,PG,2017-18,10361,5578,4572,2374,126,,
Government,Management,PG,2018-19,8387,5270,4257,2347,114,,
Government,Management,PG,2019-20,7945,5244,3668,2547,102,,
Government,Management,PG,2020-21,8077,5596,971,2487,99,,
Government,Management,PG,2021-22,8145,4053,3375,2831,99,1764,2231
Government,Management,PG,2022-23,8685,301,0,241,101,,
Government,MCA,PG,2012-13,2975,2456,2082,733,59,,
Government,MCA,PG,2013-14,3515,2737,2331,759,66,,
Government,MCA,PG,2014-15,3255,2233,2245,760,62,,
Government,MCA,PG,2015-16,3508,2299,2312,871,68,,
Government,MCA,PG,2016-17,3773,2547,2520,874,73,,
Government,MCA,PG,2017-18,3646,2346,2389,851,69,,
Government,MCA,PG,2018-19,3759,2302,2396,930,71,,
Government,MCA,PG,2019-20,3799,2433,2368,1170,73,,
Government,MCA,PG,2020-21,4444,3315,402,1015,79,,
Government,MCA,PG,2021-22,4411,2779,1955,1499,78,1222,1557
Government,MCA,PG,2022-23,4544,184,0,184,80,,
Government,Pharmacy,UG,2012-13,1902,1590,1269,431,34,,
Government,Pharmacy,UG,2013-14,2016,1676,1294,497,36,,
Government,Pharmacy,UG,2014-15,2226,1812,1397,422,40,,
Government,Pharmacy,UG,2015-16,2366,1882,1539,606,43,,
Government,Pharmacy,UG,2016-17,2514,2010,1641,471,44,,
Government,Pharmacy,UG,2017-18,2444,2060,1798,747,44,,
Government,Pharmacy,UG,2018-19,2497,2076,1713,596,45,,
Government,Pharmacy,UG,2019-20,2782,2619,1376,782,50,,
Government,Pharmacy,UG,2020-21,2811,2500,227,541,48,,
Government,Pharmacy,UG,2021-22,2891,1893,1460,551,48,845,805
Government,Pharmacy,UG,2022-23,2805,126,0,48,46,,
Government,Architecture,UG,2012-13,,,,,0,,
Government,Architecture,UG,2013-14,,,,,0,,
Government,Architecture,UG,2014-15,,,,,0,,
Government,Architecture,UG,2015-16,669,534,425,223,11,,
Government,Architecture,UG,2016-17,729,562,376,165,12,,
Government,Architecture,UG,2017-18,729,594,473,213,12,,
Government,Architecture,UG,2018-19,876,750,570,174,15,,
Government,Architecture,UG,2019-20,,,,,0,,
Government,Architecture,UG,2020-21,,,,,0,,
Government,Architecture,UG,2021-22,,,,,0,,
Government,Architecture,UG,2022-23,,,,,0,,
Government,Hotel Management and Catering,UG,2012-13,120,100,81,69,2,,
Government,Hotel Management and Catering,UG,2013-14,180,135,136,116,3,,
Government,Hotel Management and Catering,UG,2014-15,180,100,100,88,3,,
Government,Hotel Management and Catering,UG,2015-16,280,201,148,118,5,,
Government,Hotel Management and Catering,UG,2016-17,280,145,313,154,5,,
Government,Hotel Management and Catering,UG,2017-18,280,166,128,101,5,,
Government,Hotel Management and Catering,UG,2018-19,220,147,118,135,4,,
Government,Hotel Management and Catering,UG,2019-20,220,147,115,130,4,,
Government,Hotel Management and Catering,UG,2020-21,280,198,29,84,4,,
Government,Hotel Management and Catering,UG,2021-22,460,227,103,46,6,53,174
Government,Hotel Management and Catering,UG,2022-23,460,0,0,16,6,,
Govt aided,Engineering and Technology,UG,2012-13,27805,26205,20990,10233,59,,
Govt aided,Engineering and Technology,UG,2013-14,27359,24526,21367,10103,54,,
Govt aided,Engineering and Technology,UG,2014-15,28229,25366,22993,12472,53,,
Govt aided,Engineering and Technology,UG,2015-16,28254,24232,21787,12618,54,,
Govt aided,Engineering and Technology,UG,2016-17,26227,23369,21649,11057,54,,
Govt aided,Engineering and Technology,UG,2017-18,26877,23448,22794,10006,56,,
Govt aided,Engineering and Technology,UG,2018-19,26787,24060,23648,10605,55,,
Govt aided,Engineering and Technology,UG,2019-20,26905,24424,20985,10553,56,,
Govt aided,Engineering and Technology,UG,2020-21,25886,22413,5631,9029,48,,
Govt aided,Engineering and Technology,UG,2021-22,26835,22660,17148,11140,51,6396,14635
Govt aided,Engineering and Technology,UG,2022-23,27917,0,0,2222,52,,
Govt aided,Engineering and Technology,PG,2012-13,8801,6316,4440,774,50,,
Govt aided,Engineering and Technology,PG,2013-14,8834,6406,4763,735,45,,
Govt aided,Engineering and Technology,PG,2014-15,9151,6579,4907,947,46,,
Govt aided,Engineering and Technology,PG,2015-16,9053,6015,5435,1123,48,,
Govt aided,Engineering and Technology,PG,2016-17,7755,5114,4879,794,46,,
Govt aided,Engineering and Technology,PG,2017-18,7701,4858,4487,722,47,,
Govt aided,Engineering and Technology,PG,2018-19,7532,4531,4237,1031,47,,
Govt aided,Engineering and Technology,PG,2019-20,7358,3723,3251,701,47,,
Govt aided,Engineering and Technology,PG,2020-21,6228,3085,645,533,43,,
Govt aided,Engineering and Technology,PG,2021-22,5840,1831,1834,722,42,749,1073
Govt aided,Engineering and Technology,PG,2022-23,5668,0,0,221,41,,
Govt aided,Engineering and Technology,DIPLOMA,2012-13,57841,48590,32106,11825,159,,
Govt aided,Engineering and Technology,DIPLOMA,2013-14,59018,48412,32983,11273,158,,
Govt aided,Engineering and Technology,DIPLOMA,2014-15,59835,46276,32731,12121,156,,
Govt aided,Engineering and Technology,DIPLOMA,2015-16,60728,46814,31444,11351,158,,
Govt aided,Engineering and Technology,DIPLOMA,2016-17,60060,45036,31440,11887,159,,
Govt aided,Engineering and Technology,DIPLOMA,2017-18,59872,44494,31770,12499,162,,
Govt aided,Engineering and Technology,DIPLOMA,2018-19,58142,43188,32692,13519,159,,
Govt aided,Engineering and Technology,DIPLOMA,2019-20,50099,38569,27568,13999,150,,
Govt aided,Engineering and Technology,DIPLOMA,2020-21,51208,32964,3701,13536,154,,
Govt aided,Engineering and Technology,DIPLOMA,2021-22,49698,32763,21483,13564,151,4507,26072
Govt aided,Engineering and Technology,DIPLOMA,2022-23,48253,1271,0,1715,147,,
Govt aided,Management,PG,2012-13,4477,2847,2660,1367,55,,
Govt aided,Management,PG,2013-14,4567,2708,2491,1344,50,,
Govt aided,Management,PG,2014-15,4497,2444,2145,1155,51,,
Govt aided,Management,PG,2015-16,4607,2933,2427,1438,53,,
Govt aided,Management,PG,2016-17,4275,2692,2440,1279,50,,
Govt aided,Management,PG,2017-18,3970,2783,2496,1611,47,,
Govt aided,Management,PG,2018-19,4155,2937,2629,1545,48,,
Govt aided,Management,PG,2019-20,4129,2913,2359,1647,47,,
Govt aided,Management,PG,2020-21,4120,2819,385,1322,46,,
Govt aided,Management,PG,2021-22,3840,2133,2332,1535,44,925,1202
Govt aided,Management,PG,2022-23,4390,363,0,301,51,,
Govt aided,MCA,PG,2012-13,3051,2501,2113,641,53,,
Govt aided,MCA,PG,2013-14,2871,2087,2095,479,50,,
Govt aided,MCA,PG,2014-15,2721,1961,1988,634,47,,
Govt aided,MCA,PG,2015-16,2835,1677,1916,581,49,,
Govt aided,MCA,PG,2016-17,2810,1739,1938,469,48,,
Govt aided,MCA,PG,2017-18,2725,1493,1688,500,47,,
Govt aided,MCA,PG,2018-19,2800,1479,1761,616,49,,
Govt aided,MCA,PG,2019-20,2533,1297,1582,668,48,,
Govt aided,MCA,PG,2020-21,2612,2044,369,606,50,,
Govt aided,MCA,PG,2021-22,2642,1963,1104,917,51,840,1123
Govt aided,MCA,PG,2022-23,2912,120,0,154,53,,
Govt aided,Pharmacy,UG,2012-13,891,700,642,153,13,,
Govt aided,Pharmacy,UG,2013-14,771,578,516,128,12,,
Govt aided,Pharmacy,UG,2014-15,771,602,535,167,12,,
Govt aided,Pharmacy,UG,2015-16,741,604,485,137,11,,
Govt aided,Pharmacy,UG,2016-17,621,433,467,147,10,,
Govt aided,Pharmacy,UG,2017-18,621,543,536,110,10,,
Govt aided,Pharmacy,UG,2018-19,601,570,557,107,10,,
Govt aided,Pharmacy,UG,2019-20,661,717,566,120,11,,
Govt aided,Pharmacy,UG,2020-21,545,554,127,95,8,,
Govt aided,Pharmacy,UG,2021-22,545,579,278,111,8,328,245
Govt aided,Pharmacy,UG,2022-23,555,0,0,0,8,,
Govt aided,Architecture,UG,2012-13,,,,,0,,
Govt aided,Architecture,UG,2013-14,,,,,0,,
Govt aided,Architecture,UG,2014-15,,,,,0,,
Govt aided,Architecture,UG,2015-16,520,446,268,0,8,,
Govt aided,Architecture,UG,2016-17,400,406,334,0,6,,
Govt aided,Architecture,UG,2017-18,400,255,297,36,6,,
Govt aided,Architecture,UG,2018-19,280,273,237,29,5,,
Govt aided,Architecture,UG,2019-20,,,,,0,,
Govt aided,Architecture,UG,2020-21,,,,,0,,
Govt aided,Architecture,UG,2021-22,,,,,0,,
Govt aided,Architecture,UG,2022-23,,,,,0,,
Govt aided,Hotel Management and Catering,UG,2012-13,100,42,40,32,2,,
Govt aided,Hotel Management and Catering,UG,2013-14,100,61,38,31,2,,
Govt aided,Hotel Management and Catering,UG,2014-15,100,64,31,27,2,,
Govt aided,Hotel Management and Catering,UG,2015-16,100,46,36,25,2,,
Govt aided,Hotel Management and Catering,UG,2016-17,100,53,31,9,2,,
Govt aided,Hotel Management and Catering,UG,2017-18,100,62,34,26,2,,
Govt aided,Hotel Management and Catering,UG,2018-19,100,58,33,4,2,,
Govt aided,Hotel Management and Catering,UG,2019-20,96,44,32,4,2,,
Govt aided,Hotel Management and Catering,UG,2020-21,36,12,0,3,1,,
Govt aided,Hotel Management and Catering,UG,2021-22,36,9,26,4,1,9,0
Govt aided,Hotel Management and Catering,UG,2022-23,36,0,0,0,1,,
Private-Aided,Engineering and Technology,UG,2012-13,,,,,0,,
Private-Aided,Engineering and Technology,UG,2013-14,1320,1059,429,58,3,,
Private-Aided,Engineering and Technology,UG,2014-15,1080,451,178,67,2,,
Private-Aided,Engineering and Technology,UG,2015-16,2340,1245,456,158,6,,
Private-Aided,Engineering and Technology,UG,2016-17,2280,1282,758,85,6,,
Private-Aided,Engineering and Technology,UG,2017-18,1680,698,905,151,5,,
Private-Aided,Engineering and Technology,UG,2018-19,2840,1562,1739,904,6,,
Private-Aided,Engineering and Technology,UG,2019-20,2870,1498,1647,942,6,,
Private-Aided,Engineering and Technology,UG,2020-21,,,,,0,,
Private-Aided,Engineering and Technology,UG,2021-22,,,,,0,,
Private-Aided,Engineering and Technology,UG,2022-23,,,,,0,,
Private-Aided,Engineering and Technology,PG,2012-13,,,,,0,,
Private-Aided,Engineering and Technology,PG,2013-14,72,60,53,0,1,,
Private-Aided,Engineering and Technology,PG,2014-15,72,67,43,19,1,,
Private-Aided,Engineering and Technology,PG,2015-16,108,82,61,3,2,,
Private-Aided,Engineering and Technology,PG,2016-17,108,69,76,0,2,,
Private-Aided,Engineering and Technology,PG,2017-18,36,22,15,0,1,,
Private-Aided,Engineering and Technology,PG,2018-19,407,225,173,35,2,,
Private-Aided,Engineering and Technology,PG,2019-20,367,197,167,49,2,,
Private-Aided,Engineering and Technology,PG,2020-21,,,,,0,,
Private-Aided,Engineering and Technology,PG,2021-22,,,,,0,,
Private-Aided,Engineering and Technology,PG,2022-23,,,,,0,,
Private-Aided,Engineering and Technology,DIPLOMA,2012-13,,,,,0,,
Private-Aided,Engineering and Technology,DIPLOMA,2013-14,1140,735,47,0,4,,
Private-Aided,Engineering and Technology,DIPLOMA,2014-15,2170,1596,284,28,7,,
Private-Aided,Engineering and Technology,DIPLOMA,2015-16,2995,2073,614,122,10,,
Private-Aided,Engineering and Technology,DIPLOMA,2016-17,2935,2516,1240,231,10,,
Private-Aided,Engineering and Technology,DIPLOMA,2017-18,3235,2614,947,502,11,,
Private-Aided,Engineering and Technology,DIPLOMA,2018-19,3535,2606,992,434,12,,
Private-Aided,Engineering and Technology,DIPLOMA,2019-20,3200,2236,1164,677,11,,
Private-Aided,Engineering and Technology,DIPLOMA,2020-21,,,,,0,,
Private-Aided,Engineering and Technology,DIPLOMA,2021-22,,,,,0,,
Private-Aided,Engineering and Technology,DIPLOMA,2022-23,,,,,0,,
Private-Aided,Management,PG,2012-13,,,,,0,,
Private-Aided,Management,PG,2013-14,60,24,37,13,1,,
Private-Aided,Management,PG,2014-15,360,327,231,32,3,,
Private-Aided,Management,PG,2015-16,540,417,360,111,4,,
Private-Aided,Management,PG,2016-17,1140,835,533,273,7,,
Private-Aided,Management,PG,2017-18,1200,582,419,314,8,,
Private-Aided,Management,PG,2018-19,1480,803,540,324,10,,
Private-Aided,Management,PG,2019-20,1472,1048,866,510,9,,
Private-Aided,Management,PG,2020-21,,,,,0,,
Private-Aided,Management,PG,2021-22,,,,,0,,
Private-Aided,Management,PG,2022-23,,,,,0,,
Private-Aided,MCA,PG,2012-13,,,,,0,,
Private-Aided,MCA,PG,2013-14,60,12,8,4,1,,
Private-Aided,MCA,PG,2014-15,90,22,34,9,2,,
Private-Aided,MCA,PG,2015-16,60,0,0,0,1,,
Private-Aided,MCA,PG,2016-17,180,88,71,28,3,,
Private-Aided,MCA,PG,2017-18,180,72,71,32,3,,
Private-Aided,MCA,PG,2018-19,180,101,127,58,3,,
Private-Aided,MCA,PG,2019-20,150,93,134,48,3,,
Private-Aided,MCA,PG,2020-21,,,,,0,,
Private-Aided,MCA,PG,2021-22,,,,,0,,
Private-Aided,MCA,PG,2022-23,,,,,0,,
Private-Aided,Pharmacy,UG,2012-13,,,,,0,,
Private-Aided,Pharmacy,UG,2013-14,,,,,0,,
Private-Aided,Pharmacy,UG,2014-15,,,,,0,,
Private-Aided,Pharmacy,UG,2015-16,60,58,35,15,1,,
Private-Aided,Pharmacy,UG,2016-17,120,105,58,42,2,,
Private-Aided,Pharmacy,UG,2017-18,120,98,71,39,2,,
Private-Aided,Pharmacy,UG,2018-19,640,222,38,49,8,,
Private-Aided,Pharmacy,UG,2019-20,1334,546,0,0,18,,
Private-Aided,Pharmacy,UG,2020-21,,,,,0,,
Private-Aided,Pharmacy,UG,2021-22,,,,,0,,
Private-Aided,Pharmacy,UG,2022-23,,,,,0,,
Private-Aided,Architecture,UG,2012-13,,,,,0,,
Private-Aided,Architecture,UG,2013-14,,,,,0,,
Private-Aided,Architecture,UG,2014-15,,,,,0,,
Private-Aided,Architecture,UG,2015-16,240,200,0,0,2,,
Private-Aided,Architecture,UG,2016-17,240,199,120,120,2,,
Private-Aided,Architecture,UG,2017-18,320,172,111,83,3,,
Private-Aided,Architecture,UG,2018-19,440,179,171,98,4,,
Private-Aided,Architecture,UG,2019-20,,,,,0,,
Private-Aided,Architecture,UG,2020-21,,,,,0,,
Private-Aided,Architecture,UG,2021-22,,,,,0,,
Private-Aided,Architecture,UG,2022-23,,,,,0,,
Private-Aided,Hotel Management and Catering,UG,2012-13,,,,,0,,
Private-Aided,Hotel Management and Catering,UG,2013-14,,,,,0,,
Private-Aided,Hotel Management and Catering,UG,2014-15,,,,,0,,
Private-Aided,Hotel Management and Catering,UG,2015-16,,,,,0,,
Private-Aided,Hotel Management and Catering,UG,2016-17,,,,,0,,
Private-Aided,Hotel Management and Catering,UG,2017-18,,,,,0,,
Private-Aided,Hotel Management and Catering,UG,2018-19,,,,,0,,
Private-Aided,Hotel Management and Catering,UG,2019-20,,,,,0,,
Private-Aided,Hotel Management and Catering,UG,2020-21,,,,,0,,
Private-Aided,Hotel Management and Catering,UG,2021-22,,,,,0,,
Private-Aided,Hotel Management and Catering,UG,2022-23,,,,,0,,
Private-Self Financing,Engineering and Technology,UG,2012-13,,,,,0,,
Private-Self Financing,Engineering and Technology,UG,2013-14,,,,,0,,
Private-Self Financing,Engineering and Technology,UG,2014-15,,,,,0,,
Private-Self Financing,Engineering and Technology,UG,2015-16,,,,,0,,
Private-Self Financing,Engineering and Technology,UG,2016-17,,,,,0,,
Private-Self Financing,Engineering and Technology,UG,2017-18,,,,,0,,
Private-Self Financing,Engineering and Technology,UG,2018-19,,,,,0,,
Private-Self Financing,Engineering and Technology,UG,2019-20,,,,,0,,
Private-Self Financing,Engineering and Technology,UG,2020-21,1035237,537019,89660,285800,2446,,
Private-Self Financing,Engineering and Technology,UG,2021-22,1004149,648496,370466,334012,2357,182991,383584
Private-Self Financing,Engineering and Technology,UG,2022-23,1007296,24538,0,31526,2292,,
Private-Self Financing,Engineering and Technology,PG,2012-13,,,,,0,,
Private-Self Financing,Engineering and Technology,PG,2013-14,,,,,0,,
Private-Self Financing,Engineering and Technology,PG,2014-15,,,,,0,,
Private-Self Financing,Engineering and Technology,PG,2015-16,,,,,0,,
Private-Self Financing,Engineering and Technology,PG,2016-17,,,,,0,,
Private-Self Financing,Engineering and Technology,PG,2017-18,,,,,0,,
Private-Self Financing,Engineering and Technology,PG,2018-19,,,,,0,,
Private-Self Financing,Engineering and Technology,PG,2019-20,,,,,0,,
Private-Self Financing,Engineering and Technology,PG,2020-21,98083,35620,4330,9311,1467,,
Private-Self Financing,Engineering and Technology,PG,2021-22,88816,29499,15877,9798,1411,10756,18581
Private-Self Financing,Engineering and Technology,PG,2022-23,82265,971,0,982,1361,,
Private-Self Financing,Engineering and Technology,DIPLOMA,2012-13,,,,,0,,
Private-Self Financing,Engineering and Technology,DIPLOMA,2013-14,,,,,0,,
Private-Self Financing,Engineering and Technology,DIPLOMA,2014-15,,,,,0,,
Private-Self Financing,Engineering and Technology,DIPLOMA,2015-16,,,,,0,,
Private-Self Financing,Engineering and Technology,DIPLOMA,2016-17,,,,,0,,
Private-Self Financing,Engineering and Technology,DIPLOMA,2017-18,,,,,0,,
Private-Self Financing,Engineering and Technology,DIPLOMA,2018-19,,,,,0,,
Private-Self Financing,Engineering and Technology,DIPLOMA,2019-20,300,181,0,0,1,,
Private-Self Financing,Engineering and Technology,DIPLOMA,2020-21,663916,272085,30343,121415,2267,,
Private-Self Financing,Engineering and Technology,DIPLOMA,2021-22,631901,261492,175361,122672,2166,37885,198890
Private-Self Financing,Engineering and Technology,DIPLOMA,2022-23,613602,13087,0,13649,2118,,
Private-Self Financing,Management,PG,2012-13,,,,,0,,
Private-Self Financing,Management,PG,2013-14,,,,,0,,
Private-Self Financing,Management,PG,2014-15,,,,,0,,
Private-Self Financing,Management,PG,2015-16,,,,,0,,
Private-Self Financing,Management,PG,2016-17,,,,,0,,
Private-Self Financing,Management,PG,2017-18,,,,,0,,
Private-Self Financing,Management,PG,2018-19,,,,,0,,
Private-Self Financing,Management,PG,2019-20,,,,,0,,
Private-Self Financing,Management,PG,2020-21,346007,217205,25206,90237,2765,,
Private-Self Financing,Management,PG,2021-22,360392,210844,124871,102149,2780,87279,120603
Private-Self Financing,Management,PG,2022-23,371793,21141,0,15308,2777,,
Private-Self Financing,MCA,PG,2012-13,,,,,0,,
Private-Self Financing,MCA,PG,2013-14,,,,,0,,
Private-Self Financing,MCA,PG,2014-15,,,,,0,,
Private-Self Financing,MCA,PG,2015-16,,,,,0,,
Private-Self Financing,MCA,PG,2016-17,,,,,0,,
Private-Self Financing,MCA,PG,2017-18,,,,,0,,
Private-Self Financing,MCA,PG,2018-19,,,,,0,,
Private-Self Financing,MCA,PG,2019-20,,,,,0,,
Private-Self Financing,MCA,PG,2020-21,52985,34430,3470,12605,788,,
Private-Self Financing,MCA,PG,2021-22,56053,39618,20498,16417,794,16475,22850
Private-Self Financing,MCA,PG,2022-23,64273,2155,0,2728,839,,
Private-Self Financing,Pharmacy,UG,2012-13,,,,,0,,
Private-Self Financing,Pharmacy,UG,2013-14,,,,,0,,
Private-Self Financing,Pharmacy,UG,2014-15,,,,,0,,
Private-Self Financing,Pharmacy,UG,2015-16,,,,,0,,
Private-Self Financing,Pharmacy,UG,2016-17,,,,,0,,
Private-Self Financing,Pharmacy,UG,2017-18,,,,,0,,
Private-Self Financing,Pharmacy,UG,2018-19,,,,,0,,
Private-Self Financing,Pharmacy,UG,2019-20,,,,,0,,
Private-Self Financing,Pharmacy,UG,2020-21,73602,42653,4285,11590,892,,
Private-Self Financing,Pharmacy,UG,2021-22,47175,32237,20568,12749,545,12578,18600
Private-Self Financing,Pharmacy,UG,2022-23,47160,1891,0,2131,536,,
Private-Self Financing,Architecture,UG,2012-13,,,,,0,,
Private-Self Financing,Architecture,UG,2013-14,,,,,0,,
Private-Self Financing,Architecture,UG,2014-15,,,,,0,,
Private-Self Financing,Architecture,UG,2015-16,,,,,0,,
Private-Self Financing,Architecture,UG,2016-17,,,,,0,,
Private-Self Financing,Architecture,UG,2017-18,,,,,0,,
Private-Self Financing,Architecture,UG,2018-19,,,,,0,,
Private-Self Financing,Architecture,UG,2019-20,,,,,0,,
Private-Self Financing,Architecture,UG,2020-21,,,,,0,,
Private-Self Financing,Architecture,UG,2021-22,,,,,0,,
Private-Self Financing,Architecture,UG,2022-23,,,,,0,,
Private-Self Financing,Hotel Management and Catering,UG,2012-13,,,,,0,,
Private-Self Financing,Hotel Management and Catering,UG,2013-14,,,,,0,,
Private-Self Financing,Hotel Management and Catering,UG,2014-15,,,,,0,,
Private-Self Financing,Hotel Management and Catering,UG,2015-16,,,,,0,,
Private-Self Financing,Hotel Management and Catering,UG,2016-17,,,,,0,,
Private-Self Financing,Hotel Management and Catering,UG,2017-18,,,,,0,,
Private-Self Financing,Hotel Management and Catering,UG,2018-19,,,,,0,,
Private-Self Financing,Hotel Management and Catering,UG,2019-20,,,,,0,,
Private-Self Financing,Hotel Management and Catering,UG,2020-21,6176,2281,692,1438,67,,
Private-Self Financing,Hotel Management and Catering,UG,2021-22,6426,1929,1706,1677,71,386,1541
Private-Self Financing,Hotel Management and Catering,UG,2022-23,6266,208,0,290,71,,
State Government University,Engineering and Technology,UG,2012-13,,,,,0,,
State Government University,Engineering and Technology,UG,2013-14,,,,,0,,
State Government University,Engineering and Technology,UG,2014-15,,,,,0,,
State Government University,Engineering and Technology,UG,2015-16,,,,,0,,
State Government University,Engineering and Technology,UG,2016-17,,,,,0,,
State Government University,Engineering and Technology,UG,2017-18,,,,,0,,
State Government University,Engineering and Technology,UG,2018-19,,,,,0,,
State Government University,Engineering and Technology,UG,2019-20,420,432,0,0,1,,
State Government University,Engineering and Technology,UG,2020-21,24658,18294,2014,5285,69,,
State Government University,Engineering and Technology,UG,2021-22,27516,19917,9774,10620,72,5032,11848
State Government University,Engineering and Technology,UG,2022-23,30117,2062,0,807,78,,
State Government University,Engineering and Technology,PG,2012-13,,,,,0,,
State Government University,Engineering and Technology,PG,2013-14,,,,,0,,
State Government University,Engineering and Technology,PG,2014-15,,,,,0,,
State Government University,Engineering and Technology,PG,2015-16,,,,,0,,
State Government University,Engineering and Technology,PG,2016-17,,,,,0,,
State Government University,Engineering and Technology,PG,2017-18,,,,,0,,
State Government University,Engineering and Technology,PG,2018-19,,,,,0,,
State Government University,Engineering and Technology,PG,2019-20,240,207,150,129,1,,
State Government University,Engineering and Technology,PG,2020-21,6382,3642,1041,623,50,,
State Government University,Engineering and Technology,PG,2021-22,6883,2733,1108,926,55,740,1283
State Government University,Engineering and Technology,PG,2022-23,8594,28,0,4,66,,
State Government University,Engineering and Technology,DIPLOMA,2012-13,,,,,0,,
State Government University,Engineering and Technology,DIPLOMA,2013-14,,,,,0,,
State Government University,Engineering and Technology,DIPLOMA,2014-15,,,,,0,,
State Government University,Engineering and Technology,DIPLOMA,2015-16,,,,,0,,
State Government University,Engineering and Technology,DIPLOMA,2016-17,,,,,0,,
State Government University,Engineering and Technology,DIPLOMA,2017-18,,,,,0,,
State Government University,Engineering and Technology,DIPLOMA,2018-19,,,,,0,,
State Government University,Engineering and Technology,DIPLOMA,2019-20,,,,,0,,
State Government University,Engineering and Technology,DIPLOMA,2020-21,1160,1036,0,275,5,,
State Government University,Engineering and Technology,DIPLOMA,2021-22,1220,1185,597,280,6,346,814
State Government University,Engineering and Technology,DIPLOMA,2022-23,1820,0,0,105,9,,
State Government University,Management,PG,2012-13,,,,,0,,
State Government University,Management,PG,2013-14,,,,,0,,
State Government University,Management,PG,2014-15,,,,,0,,
State Government University,Management,PG,2015-16,,,,,0,,
State Government University,Management,PG,2016-17,,,,,0,,
State Government University,Management,PG,2017-18,,,,,0,,
State Government University,Management,PG,2018-19,,,,,0,,
State Government University,Management,PG,2019-20,,,,,0,,
State Government University,Management,PG,2020-21,4643,2978,391,1064,54,,
State Government University,Management,PG,2021-22,5011,2480,2002,1451,55,1043,1404
State Government University,Management,PG,2022-23,6336,261,0,97,66,,
State Government University,MCA,PG,2012-13,,,,,0,,
State Government University,MCA,PG,2013-14,,,,,0,,
State Government University,MCA,PG,2014-15,,,,,0,,
State Government University,MCA,PG,2015-16,,,,,0,,
State Government University,MCA,PG,2016-17,,,,,0,,
State Government University,MCA,PG,2017-18,,,,,0,,
State Government University,MCA,PG,2018-19,,,,,0,,
State Government University,MCA,PG,2019-20,,,,,0,,
State Government University,MCA,PG,2020-21,1937,1552,242,539,36,,
State Government University,MCA,PG,2021-22,2123,1685,785,584,39,711,915
State Government University,MCA,PG,2022-23,2372,157,0,37,43,,
State Government University,Pharmacy,UG,2012-13,,,,,0,,
State Government University,Pharmacy,UG,2013-14,,,,,0,,
State Government University,Pharmacy,UG,2014-15,,,,,0,,
State Government University,Pharmacy,UG,2015-16,,,,,0,,
State Government University,Pharmacy,UG,2016-17,,,,,0,,
State Government University,Pharmacy,UG,2017-18,,,,,0,,
State Government University,Pharmacy,UG,2018-19,,,,,0,,
State Government University,Pharmacy,UG,2019-20,,,,,0,,
State Government University,Pharmacy,UG,2020-21,1323,1229,264,281,24,,
State Government University,Pharmacy,UG,2021-22,1290,1132,587,156,22,471,551
State Government University,Pharmacy,UG,2022-23,1220,73,0,90,20,,
State Government University,Architecture,UG,2012-13,,,,,0,,
State Government University,Architecture,UG,2013-14,,,,,0,,
State Government University,Architecture,UG,2014-15,,,,,0,,
State Government University,Architecture,UG,2015-16,,,,,0,,
State Government University,Architecture,UG,2016-17,,,,,0,,
State Government University,Architecture,UG,2017-18,,,,,0,,
State Government University,Architecture,UG,2018-19,,,,,0,,
State Government University,Architecture,UG,2019-20,,,,,0,,
State Government University,Architecture,UG,2020-21,,,,,0,,
State Government University,Architecture,UG,2021-22,,,,,0,,
State Government University,Architecture,UG,2022-23,,,,,0,,
State Government University,Hotel Management and Catering,UG,2012-13,,,,,0,,
State Government University,Hotel Management and Catering,UG,2013-14,,,,,0,,
State Government University,Hotel Management and Catering,UG,2014-15,,,,,0,,
State Government University,Hotel Management and Catering,UG,2015-16,,,,,0,,
State Government University,Hotel Management and Catering,UG,2016-17,,,,,0,,
State Government University,Hotel Management and Catering,UG,2017-18,,,,,0,,
State Government University,Hotel Management and Catering,UG,2018-19,,,,,0,,
State Government University,Hotel Management and Catering,UG,2019-20,,,,,0,,
State Government University,Hotel Management and Catering,UG,2020-21,60,49,32,32,1,,
State Government University,Hotel Management and Catering,UG,2021-22,120,0,71,64,2,0,0
State Government University,Hotel Management and Catering,UG,2022-23,300,0,0,0,4,,
State Private University,Engineering and Technology,UG,2012-13,,,,,0,,
State Private University,Engineering and Technology,UG,2013-14,,,,,0,,
State Private University,Engineering and Technology,UG,2014-15,,,,,0,,
State Private University,Engineering and Technology,UG,2015-16,,,,,0,,
State Private University,Engineering and Technology,UG,2016-17,,,,,0,,
State Private University,Engineering and Technology,UG,2017-18,,,,,0,,
State Private University,Engineering and Technology,UG,2018-19,,,,,0,,
State Private University,Engineering and Technology,UG,2019-20,,,,,0,,
State Private University,Engineering and Technology,UG,2020-21,30945,20450,55,5957,50,,
State Private University,Engineering and Technology,UG,2021-22,28590,18889,7433,8199,45,4990,12485
State Private University,Engineering and Technology,UG,2022-23,30045,182,0,220,48,,
State Private University,Engineering and Technology,PG,2012-13,,,,,0,,
State Private University,Engineering and Technology,PG,2013-14,,,,,0,,
State Private University,Engineering and Technology,PG,2014-15,,,,,0,,
State Private University,Engineering and Technology,PG,2015-16,,,,,0,,
State Private University,Engineering and Technology,PG,2016-17,,,,,0,,
State Private University,Engineering and Technology,PG,2017-18,,,,,0,,
State Private University,Engineering and Technology,PG,2018-19,,,,,0,,
State Private University,Engineering and Technology,PG,2019-20,,,,,0,,
State Private University,Engineering and Technology,PG,2020-21,3195,1825,7,323,31,,
State Private University,Engineering and Technology,PG,2021-22,3054,1133,560,395,30,368,764
State Private University,Engineering and Technology,PG,2022-23,2843,11,0,2,33,,
State Private University,Engineering and Technology,DIPLOMA,2012-13,,,,,0,,
State Private University,Engineering and Technology,DIPLOMA,2013-14,,,,,0,,
State Private University,Engineering and Technology,DIPLOMA,2014-15,,,,,0,,
State Private University,Engineering and Technology,DIPLOMA,2015-16,,,,,0,,
State Private University,Engineering and Technology,DIPLOMA,2016-17,,,,,0,,
State Private University,Engineering and Technology,DIPLOMA,2017-18,,,,,0,,
State Private University,Engineering and Technology,DIPLOMA,2018-19,,,,,0,,
State Private University,Engineering and Technology,DIPLOMA,2019-20,,,,,0,,
State Private University,Engineering and Technology,DIPLOMA,2020-21,2730,1685,315,474,12,,
State Private University,Engineering and Technology,DIPLOMA,2021-22,3000,1664,465,687,12,177,1157
State Private University,Engineering and Technology,DIPLOMA,2022-23,4881,498,0,134,19,,
State Private University,Management,PG,2012-13,,,,,0,,
State Private University,Management,PG,2013-14,,,,,0,,
State Private University,Management,PG,2014-15,,,,,0,,
State Private University,Management,PG,2015-16,,,,,0,,
State Private University,Management,PG,2016-17,,,,,0,,
State Private University,Management,PG,2017-18,,,,,0,,
State Private University,Management,PG,2018-19,,,,,0,,
State Private University,Management,PG,2019-20,,,,,0,,
State Private University,Management,PG,2020-21,7060,5047,160,2079,42,,
State Private University,Management,PG,2021-22,7150,4560,2205,2419,43,1934,2626
State Private University,Management,PG,2022-23,7018,82,0,102,43,,
State Private University,MCA,PG,2012-13,,,,,0,,
State Private University,MCA,PG,2013-14,,,,,0,,
State Private University,MCA,PG,2014-15,,,,,0,,
State Private University,MCA,PG,2015-16,,,,,0,,
State Private University,MCA,PG,2016-17,,,,,0,,
State Private University,MCA,PG,2017-18,,,,,0,,
State Private University,MCA,PG,2018-19,,,,,0,,
State Private University,MCA,PG,2019-20,,,,,0,,
State Private University,MCA,PG,2020-21,1540,1384,0,396,20,,
State Private University,MCA,PG,2021-22,1840,1454,756,622,23,528,924
State Private University,MCA,PG,2022-23,2020,138,0,44,23,,
State Private University,Pharmacy,UG,2012-13,,,,,0,,
State Private University,Pharmacy,UG,2013-14,,,,,0,,
State Private University,Pharmacy,UG,2014-15,,,,,0,,
State Private University,Pharmacy,UG,2015-16,,,,,0,,
State Private University,Pharmacy,UG,2016-17,,,,,0,,
State Private University,Pharmacy,UG,2017-18,,,,,0,,
State Private University,Pharmacy,UG,2018-19,,,,,0,,
State Private University,Pharmacy,UG,2019-20,,,,,0,,
State Private University,Pharmacy,UG,2020-21,1160,1030,0,175,13,,
State Private University,Pharmacy,UG,2021-22,1260,848,541,221,14,362,476
State Private University,Pharmacy,UG,2022-23,1040,109,0,3,12,,
State Private University,Architecture,UG,2012-13,,,,,0,,
State Private University,Architecture,UG,2013-14,,,,,0,,
State Private University,Architecture,UG,2014-15,,,,,0,,
State Private University,Architecture,UG,2015-16,,,,,0,,
State Private University,Architecture,UG,2016-17,,,,,0,,
State Private University,Architecture,UG,2017-18,,,,,0,,
State Private University,Architecture,UG,2018-19,,,,,0,,
State Private University,Architecture,UG,2019-20,,,,,0,,
State Private University,Architecture,UG,2020-21,,,,,0,,
State Private University,Architecture,UG,2021-22,,,,,0,,
State Private University,Architecture,UG,2022-23,,,,,0,,
State Private University,Hotel Management and Catering,UG,2012-13,,,,,0,,
State Private University,Hotel Management and Catering,UG,2013-14,,,,,0,,
State Private University,Hotel Management and Catering,UG,2014-15,,,,,0,,
State Private University,Hotel Management and Catering,UG,2015-16,,,,,0,,
State Private University,Hotel Management and Catering,UG,2016-17,,,,,0,,
State Private University,Hotel Management and Catering,UG,2017-18,,,,,0,,
State Private University,Hotel Management and Catering,UG,2018-19,,,,,0,,
State Private University,Hotel Management and Catering,UG,2019-20,,,,,0,,
State Private University,Hotel Management and Catering,UG,2020-21,270,183,0,66,4,,
State Private University,Hotel Management and Catering,UG,2021-22,330,204,0,53,5,41,163
State Private University,Hotel Management and Catering,UG,2022-23,330,40,0,0,5,,
Unaided - Private,Engineering and Technology,UG,2012-13,1441633,870383,582373,243589,3077,,
Unaided - Private,Engineering and Technology,UG,2013-14,1514037,842619,628179,262157,3072,,
Unaided - Private,Engineering and Technology,UG,2014-15,1581553,771933,671640,297175,3088,,
Unaided - Private,Engineering and Technology,UG,2015-16,1500186,749668,694674,319929,3029,,
Unaided - Private,Engineering and Technology,UG,2016-17,1423130,676729,704529,327169,2937,,
Unaided - Private,Engineering and Technology,UG,2017-18,1336352,641922,655039,308228,2850,,
Unaided - Private,Engineering and Technology,UG,2018-19,1188142,568336,634969,332080,2673,,
Unaided - Private,Engineering and Technology,UG,2019-20,1084335,554592,506706,327653,2539,,
Unaided - Private,Engineering and Technology,UG,2020-21,,,,,0,,
Unaided - Private,Engineering and Technology,UG,2021-22,,,,,0,,
Unaided - Private,Engineering and Technology,UG,2022-23,,,,,0,,
Unaided - Private,Engineering and Technology,PG,2012-13,109759,80581,37467,8889,1657,,
Unaided - Private,Engineering and Technology,PG,2013-14,147797,103074,51666,12547,1880,,
Unaided - Private,Engineering and Technology,PG,2014-15,180574,98365,65017,17505,2054,,
Unaided - Private,Engineering and Technology,PG,2015-16,170676,66741,65423,16937,2008,,
Unaided - Private,Engineering and Technology,PG,2016-17,161389,48394,51429,14412,1938,,
Unaided - Private,Engineering and Technology,PG,2017-18,149788,47026,39487,11636,1831,,
Unaided - Private,Engineering and Technology,PG,2018-19,132131,42663,33830,11132,1693,,
Unaided - Private,Engineering and Technology,PG,2019-20,117342,36339,24737,11124,1576,,
Unaided - Private,Engineering and Technology,PG,2020-21,,,,,0,,
Unaided - Private,Engineering and Technology,PG,2021-22,,,,,0,,
Unaided - Private,Engineering and Technology,PG,2022-23,,,,,0,,
Unaided - Private,Engineering and Technology,DIPLOMA,2012-13,728795,453433,219054,84886,2111,,
Unaided - Private,Engineering and Technology,DIPLOMA,2013-14,836574,489942,252988,96042,2426,,
Unaided - Private,Engineering and Technology,DIPLOMA,2014-15,941724,495121,266044,106078,2720,,
Unaided - Private,Engineering and Technology,DIPLOMA,2015-16,930270,475706,288031,112400,2709,,
Unaided - Private,Engineering and Technology,DIPLOMA,2016-17,903936,441581,365028,122825,2669,,
Unaided - Private,Engineering and Technology,DIPLOMA,2017-18,859044,403586,281178,132151,2597,,
Unaided - Private,Engineering and Technology,DIPLOMA,2018-19,768542,363505,263069,133903,2428,,
Unaided - Private,Engineering and Technology,DIPLOMA,2019-20,696509,342919,219011,133666,2323,,
Unaided - Private,Engineering and Technology,DIPLOMA,2020-21,,,,,0,,
Unaided - Private,Engineering and Technology,DIPLOMA,2021-22,,,,,0,,
Unaided - Private,Engineering and Technology,DIPLOMA,2022-23,,,,,0,,
Unaided - Private,Management,PG,2012-13,423010,224070,168963,90253,3616,,
Unaided - Private,Management,PG,2013-14,428618,221271,174751,97285,3481,,
Unaided - Private,Management,PG,2014-15,432131,235469,175422,98643,3323,,
Unaided - Private,Management,PG,2015-16,409460,236735,175304,95632,3191,,
Unaided - Private,Management,PG,2016-17,389039,219959,172449,99975,3074,,
Unaided - Private,Management,PG,2017-18,369941,223092,167162,98865,2972,,
Unaided - Private,Management,PG,2018-19,338400,212684,169567,103908,2785,,
Unaided - Private,Management,PG,2019-20,333578,214909,144904,104670,2720,,
Unaided - Private,Management,PG,2020-21,,,,,0,,
Unaided - Private,Management,PG,2021-22,,,,,0,,
Unaided - Private,Management,PG,2022-23,,,,,0,,
Unaided - Private,MCA,PG,2012-13,122834,47886,45123,19221,1573,,
Unaided - Private,MCA,PG,2013-14,112920,34602,45020,19498,1395,,
Unaided - Private,MCA,PG,2014-15,106632,29841,45396,20658,1295,,
Unaided - Private,MCA,PG,2015-16,97018,29218,38567,18068,1174,,
Unaided - Private,MCA,PG,2016-17,83596,26654,30597,15080,1055,,
Unaided - Private,MCA,PG,2017-18,75068,25434,27376,13504,988,,
Unaided - Private,MCA,PG,2018-19,61359,22248,26814,14050,863,,
Unaided - Private,MCA,PG,2019-20,51703,22484,22810,13899,810,,
Unaided - Private,MCA,PG,2020-21,,,,,0,,
Unaided - Private,MCA,PG,2021-22,,,,,0,,
Unaided - Private,MCA,PG,2022-23,,,,,0,,
Unaided - Private,Pharmacy,UG,2012-13,79707,50120,32507,12921,959,,
Unaided - Private,Pharmacy,UG,2013-14,81426,48966,31120,12609,951,,
Unaided - Private,Pharmacy,UG,2014-15,83881,50788,32068,13477,941,,
Unaided - Private,Pharmacy,UG,2015-16,81525,54215,33836,13709,940,,
Unaided - Private,Pharmacy,UG,2016-17,79209,57484,36673,16551,945,,
Unaided - Private,Pharmacy,UG,2017-18,81623,63672,38578,17606,989,,
Unaided - Private,Pharmacy,UG,2018-19,87390,71395,33835,19464,1103,,
Unaided - Private,Pharmacy,UG,2019-20,115457,67903,23355,17362,1467,,
Unaided - Private,Pharmacy,UG,2020-21,,,,,0,,
Unaided - Private,Pharmacy,UG,2021-22,,,,,0,,
Unaided - Private,Pharmacy,UG,2022-23,,,,,0,,
Unaided - Private,Architecture,UG,2012-13,,,,,0,,
Unaided - Private,Architecture,UG,2013-14,,,,,0,,
Unaided - Private,Architecture,UG,2014-15,,,,,0,,
Unaided - Private,Architecture,UG,2015-16,8368,3426,1676,593,89,,
Unaided - Private,Architecture,UG,2016-17,7448,3413,1880,803,88,,
Unaided - Private,Architecture,UG,2017-18,6800,2677,2197,965,87,,
Unaided - Private,Architecture,UG,2018-19,6430,3241,2287,1260,86,,
Unaided - Private,Architecture,UG,2019-20,,,,,0,,
Unaided - Private,Architecture,UG,2020-21,,,,,0,,
Unaided - Private,Architecture,UG,2021-22,,,,,0,,
Unaided - Private,Architecture,UG,2022-23,,,,,0,,
Unaided - Private,Hotel Management and Catering,UG,2012-13,5660,2666,2032,1438,71,,
Unaided - Private,Hotel Management and Catering,UG,2013-14,5900,3066,1979,1545,72,,
Unaided - Private,Hotel Management and Catering,UG,2014-15,5720,3593,2000,1562,68,,
Unaided - Private,Hotel Management and Catering,UG,2015-16,5468,3631,1917,1412,64,,
Unaided - Private,Hotel Management and Catering,UG,2016-17,5243,3560,2177,1626,62,,
Unaided - Private,Hotel Management and Catering,UG,2017-18,5195,3690,2101,1714,63,,
Unaided - Private,Hotel Management and Catering,UG,2018-19,4849,3367,2299,1872,60,,
Unaided - Private,Hotel Management and Catering,UG,2019-20,5778,3317,1917,1738,66,,
Unaided - Private,Hotel Management and Catering,UG,2020-21,,,,,0,,
Unaided - Private,Hotel Management and Catering,UG,2021-22,,,,,0,,
Unaided - Private,Hotel Management and Catering,UG,2022-23,,,,,0,,
University Managed,Engineering and Technology,UG,2012-13,23802,19310,13383,5955,68,,
University Managed,Engineering and Technology,UG,2013-14,24322,18142,13523,5817,68,,
University Managed,Engineering and Technology,UG,2014-15,24989,17730,15286,6702,65,,
University Managed,Engineering and Technology,UG,2015-16,,,,,0,,
University Managed,Engineering and Technology,UG,2016-17,,,,,0,,
University Managed,Engineering and Technology,UG,2017-18,,,,,0,,
University Managed,Engineering and Technology,UG,2018-19,,,,,0,,
University Managed,Engineering and Technology,UG,2019-20,,,,,0,,
University Managed,Engineering and Technology,UG,2020-21,,,,,0,,
University Managed,Engineering and Technology,UG,2021-22,,,,,0,,
University Managed,Engineering and Technology,UG,2022-23,,,,,0,,
University Managed,Engineering and Technology,PG,2012-13,4370,3564,2423,659,61,,
University Managed,Engineering and Technology,PG,2013-14,4943,3835,2688,569,65,,
University Managed,Engineering and Technology,PG,2014-15,5022,3584,2887,644,62,,
University Managed,Engineering and Technology,PG,2015-16,,,,,0,,
University Managed,Engineering and Technology,PG,2016-17,,,,,0,,
University Managed,Engineering and Technology,PG,2017-18,,,,,0,,
University Managed,Engineering and Technology,PG,2018-19,,,,,0,,
University Managed,Engineering and Technology,PG,2019-20,,,,,0,,
University Managed,Engineering and Technology,PG,2020-21,,,,,0,,
University Managed,Engineering and Technology,PG,2021-22,,,,,0,,
University Managed,Engineering and Technology,PG,2022-23,,,,,0,,
University Managed,Engineering and Technology,DIPLOMA,2012-13,2685,1899,818,277,6,,
University Managed,Engineering and Technology,DIPLOMA,2013-14,2610,2097,1126,332,9,,
University Managed,Engineering and Technology,DIPLOMA,2014-15,2670,1625,1277,343,9,,
University Managed,Engineering and Technology,DIPLOMA,2015-16,,,,,0,,
University Managed,Engineering and Technology,DIPLOMA,2016-17,,,,,0,,
University Managed,Engineering and Technology,DIPLOMA,2017-18,,,,,0,,
University Managed,Engineering and Technology,DIPLOMA,2018-19,,,,,0,,
University Managed,Engineering and Technology,DIPLOMA,2019-20,,,,,0,,
University Managed,Engineering and Technology,DIPLOMA,2020-21,,,,,0,,
University Managed,Engineering and Technology,DIPLOMA,2021-22,,,,,0,,
University Managed,Engineering and Technology,DIPLOMA,2022-23,,,,,0,,
University Managed,Management,PG,2012-13,6731,4193,3717,1931,79,,
University Managed,Management,PG,2013-14,7151,4412,3976,2264,80,,
University Managed,Management,PG,2014-15,7031,4090,3747,2051,80,,
University Managed,Management,PG,2015-16,,,,,0,,
University Managed,Management,PG,2016-17,,,,,0,,
University Managed,Management,PG,2017-18,,,,,0,,
University Managed,Management,PG,2018-19,,,,,0,,
University Managed,Management,PG,2019-20,60,60,63,42,1,,
University Managed,Management,PG,2020-21,,,,,0,,
University Managed,Management,PG,2021-22,,,,,0,,
University Managed,Management,PG,2022-23,,,,,0,,
University Managed,MCA,PG,2012-13,3108,2213,1861,941,51,,
University Managed,MCA,PG,2013-14,3188,2057,1815,962,52,,
University Managed,MCA,PG,2014-15,3188,1789,2079,949,50,,
University Managed,MCA,PG,2015-16,,,,,0,,
University Managed,MCA,PG,2016-17,,,,,0,,
University Managed,MCA,PG,2017-18,,,,,0,,
University Managed,MCA,PG,2018-19,,,,,0,,
University Managed,MCA,PG,2019-20,,,,,0,,
University Managed,MCA,PG,2020-21,,,,,0,,
University Managed,MCA,PG,2021-22,,,,,0,,
University Managed,MCA,PG,2022-23,,,,,0,,
University Managed,Pharmacy,UG,2012-13,2061,1531,1125,388,30,,
University Managed,Pharmacy,UG,2013-14,2061,1433,1074,382,30,,
University Managed,Pharmacy,UG,2014-15,1881,1488,1015,287,27,,
University Managed,Pharmacy,UG,2015-16,,,,,0,,
University Managed,Pharmacy,UG,2016-17,,,,,0,,
University Managed,Pharmacy,UG,2017-18,,,,,0,,
University Managed,Pharmacy,UG,2018-19,,,,,0,,
University Managed,Pharmacy,UG,2019-20,,,,,0,,
University Managed,Pharmacy,UG,2020-21,,,,,0,,
University Managed,Pharmacy,UG,2021-22,,,,,0,,
University Managed,Pharmacy,UG,2022-23,,,,,0,,
University Managed,Architecture,UG,2012-13,,,,,0,,
University Managed,Architecture,UG,2013-14,,,,,0,,
University Managed,Architecture,UG,2014-15,,,,,0,,
University Managed,Architecture,UG,2015-16,,,,,0,,
University Managed,Architecture,UG,2016-17,,,,,0,,
University Managed,Architecture,UG,2017-18,,,,,0,,
University Managed,Architecture,UG,2018-19,,,,,0,,
University Managed,Architecture,UG,2019-20,,,,,0,,
University Managed,Architecture,UG,2020-21,,,,,0,,
University Managed,Architecture,UG,2021-22,,,,,0,,
University Managed,Architecture,UG,2022-23,,,,,0,,
University Managed,Hotel Management and Catering,UG,2012-13,400,130,175,113,5,,
University Managed,Hotel Management and Catering,UG,2013-14,340,89,132,86,4,,
University Managed,Hotel Management and Catering,UG,2014-15,340,161,88,44,4,,
University Managed,Hotel Management and Catering,UG,2015-16,,,,,0,,
University Managed,Hotel Management and Catering,UG,2016-17,,,,,0,,
University Managed,Hotel Management and Catering,UG,2017-18,,,,,0,,
University Managed,Hotel Management and Catering,UG,2018-19,,,,,0,,
University Managed,Hotel Management and Catering,UG,2019-20,,,,,0,,
University Managed,Hotel Management and Catering,UG,2020-21,,,,,0,,
University Managed,Hotel Management and Catering,UG,2021-22,,,,,0,,
University Managed,Hotel Management and Catering,UG,2022-23,,,,,0,,
University Managed-Govt,Engineering and Technology,UG,2012-13,,,,,0,,
University Managed-Govt,Engineering and Technology,UG,2013-14,,,,,0,,
University Managed-Govt,Engineering and Technology,UG,2014-15,,,,,0,,
University Managed-Govt,Engineering and Technology,UG,2015-16,13224,10901,10026,4020,44,,
University Managed-Govt,Engineering and Technology,UG,2016-17,14754,11791,10660,3842,49,,
University Managed-Govt,Engineering and Technology,UG,2017-18,14889,11329,10455,3468,49,,
University Managed-Govt,Engineering and Technology,UG,2018-19,17013,13165,12228,4510,53,,
University Managed-Govt,Engineering and Technology,UG,2019-20,21068,16215,10425,5344,60,,
University Managed-Govt,Engineering and Technology,UG,2020-21,,,,,0,,
University Managed-Govt,Engineering and Technology,UG,2021-22,,,,,0,,
University Managed-Govt,Engineering and Technology,UG,2022-23,,,,,0,,
University Managed-Govt,Engineering and Technology,PG,2012-13,,,,,0,,
University Managed-Govt,Engineering and Technology,PG,2013-14,,,,,0,,
University Managed-Govt,Engineering and Technology,PG,2014-15,,,,,0,,
University Managed-Govt,Engineering and Technology,PG,2015-16,3321,2249,2163,330,38,,
University Managed-Govt,Engineering and Technology,PG,2016-17,3586,1953,2102,255,39,,
University Managed-Govt,Engineering and Technology,PG,2017-18,3754,1887,1653,187,43,,
University Managed-Govt,Engineering and Technology,PG,2018-19,4775,2682,2217,334,46,,
University Managed-Govt,Engineering and Technology,PG,2019-20,5185,2952,2162,428,46,,
University Managed-Govt,Engineering and Technology,PG,2020-21,,,,,0,,
University Managed-Govt,Engineering and Technology,PG,2021-22,,,,,0,,
University Managed-Govt,Engineering and Technology,PG,2022-23,,,,,0,,
University Managed-Govt,Engineering and Technology,DIPLOMA,2012-13,,,,,0,,
University Managed-Govt,Engineering and Technology,DIPLOMA,2013-14,,,,,0,,
University Managed-Govt,Engineering and Technology,DIPLOMA,2014-15,,,,,0,,
University Managed-Govt,Engineering and Technology,DIPLOMA,2015-16,1450,1160,878,357,5,,
University Managed-Govt,Engineering and Technology,DIPLOMA,2016-17,1450,1141,880,312,5,,
University Managed-Govt,Engineering and Technology,DIPLOMA,2017-18,1450,1061,929,245,5,,
University Managed-Govt,Engineering and Technology,DIPLOMA,2018-19,1450,975,737,236,5,,
University Managed-Govt,Engineering and Technology,DIPLOMA,2019-20,1420,1129,1096,309,5,,
University Managed-Govt,Engineering and Technology,DIPLOMA,2020-21,,,,,0,,
University Managed-Govt,Engineering and Technology,DIPLOMA,2021-22,,,,,0,,
University Managed-Govt,Engineering and Technology,DIPLOMA,2022-23,,,,,0,,
University Managed-Govt,Management,PG,2012-13,,,,,0,,
University Managed-Govt,Management,PG,2013-14,,,,,0,,
University Managed-Govt,Management,PG,2014-15,,,,,0,,
University Managed-Govt,Management,PG,2015-16,3101,2433,2190,1008,40,,
University Managed-Govt,Management,PG,2016-17,3401,2647,2400,1067,43,,
University Managed-Govt,Management,PG,2017-18,3401,2754,2212,1161,44,,
University Managed-Govt,Management,PG,2018-19,3331,2728,2361,1234,44,,
University Managed-Govt,Management,PG,2019-20,3537,2749,2171,1231,47,,
University Managed-Govt,Management,PG,2020-21,,,,,0,,
University Managed-Govt,Management,PG,2021-22,,,,,0,,
University Managed-Govt,Management,PG,2022-23,,,,,0,,
University Managed-Govt,MCA,PG,2012-13,,,,,0,,
University Managed-Govt,MCA,PG,2013-14,,,,,0,,
University Managed-Govt,MCA,PG,2014-15,,,,,0,,
University Managed-Govt,MCA,PG,2015-16,1785,1167,1108,496,31,,
University Managed-Govt,MCA,PG,2016-17,1885,1039,1249,561,32,,
University Managed-Govt,MCA,PG,2017-18,1945,1103,1212,529,33,,
University Managed-Govt,MCA,PG,2018-19,1975,1109,1138,638,34,,
University Managed-Govt,MCA,PG,2019-20,1858,1046,933,545,34,,
University Managed-Govt,MCA,PG,2020-21,,,,,0,,
University Managed-Govt,MCA,PG,2021-22,,,,,0,,
University Managed-Govt,MCA,PG,2022-23,,,,,0,,
University Managed-Govt,Pharmacy,UG,2012-13,,,,,0,,
University Managed-Govt,Pharmacy,UG,2013-14,,,,,0,,
University Managed-Govt,Pharmacy,UG,2014-15,,,,,0,,
University Managed-Govt,Pharmacy,UG,2015-16,958,823,636,206,18,,
University Managed-Govt,Pharmacy,UG,2016-17,1068,932,791,211,20,,
University Managed-Govt,Pharmacy,UG,2017-18,1068,1041,846,256,20,,
University Managed-Govt,Pharmacy,UG,2018-19,1183,1132,789,289,22,,
University Managed-Govt,Pharmacy,UG,2019-20,1155,1130,512,266,22,,
University Managed-Govt,Pharmacy,UG,2020-21,,,,,0,,
University Managed-Govt,Pharmacy,UG,2021-22,,,,,0,,
University Managed-Govt,Pharmacy,UG,2022-23,,,,,0,,
University Managed-Govt,Architecture,UG,2012-13,,,,,0,,
University Managed-Govt,Architecture,UG,2013-14,,,,,0,,
University Managed-Govt,Architecture,UG,2014-15,,,,,0,,
University Managed-Govt,Architecture,UG,2015-16,40,40,37,0,1,,
University Managed-Govt,Architecture,UG,2016-17,40,39,33,0,1,,
University Managed-Govt,Architecture,UG,2017-18,40,35,35,0,1,,
University Managed-Govt,Architecture,UG,2018-19,40,38,35,0,1,,
University Managed-Govt,Architecture,UG,2019-20,,,,,0,,
University Managed-Govt,Architecture,UG,2020-21,,,,,0,,
University Managed-Govt,Architecture,UG,2021-22,,,,,0,,
University Managed-Govt,Architecture,UG,2022-23,,,,,0,,
University Managed-Govt,Hotel Management and Catering,UG,2012-13,,,,,0,,
University Managed-Govt,Hotel Management and Catering,UG,2013-14,,,,,0,,
University Managed-Govt,Hotel Management and Catering,UG,2014-15,,,,,0,,
University Managed-Govt,Hotel Management and Catering,UG,2015-16,,,,,0,,
University Managed-Govt,Hotel Management and Catering,UG,2016-17,,,,,0,,
University Managed-Govt,Hotel Management and Catering,UG,2017-18,60,30,0,30,1,,
University Managed-Govt,Hotel Management and Catering,UG,2018-19,60,0,0,0,1,,
University Managed-Govt,Hotel Management and Catering,UG,2019-20,60,59,55,50,1,,
University Managed-Govt,Hotel Management and Catering,UG,2020-21,,,,,0,,
University Managed-Govt,Hotel Management and Catering,UG,2021-22,,,,,0,,
University Managed-Govt,Hotel Management and Catering,UG,2022-23,,,,,0,,
University Managed-Private,Engineering and Technology,UG,2012-13,,,,,0,,
University Managed-Private,Engineering and Technology,UG,2013-14,,,,,0,,
University Managed-Private,Engineering and Technology,UG,2014-15,,,,,0,,
University Managed-Private,Engineering and Technology,UG,2015-16,10140,4821,4437,2111,17,,
University Managed-Private,Engineering and Technology,UG,2016-17,10080,5676,4739,2273,18,,
University Managed-Private,Engineering and Technology,UG,2017-18,10440,5810,5638,2292,22,,
University Managed-Private,Engineering and Technology,UG,2018-19,14610,9171,6760,3934,31,,
University Managed-Private,Engineering and Technology,UG,2019-20,24810,17091,9406,5043,43,,
University Managed-Private,Engineering and Technology,UG,2020-21,,,,,0,,
University Managed-Private,Engineering and Technology,UG,2021-22,,,,,0,,
University Managed-Private,Engineering and Technology,UG,2022-23,,,,,0,,
University Managed-Private,Engineering and Technology,PG,2012-13,,,,,0,,
University Managed-Private,Engineering and Technology,PG,2013-14,,,,,0,,
University Managed-Private,Engineering and Technology,PG,2014-15,,,,,0,,
University Managed-Private,Engineering and Technology,PG,2015-16,1128,403,458,64,16,,
University Managed-Private,Engineering and Technology,PG,2016-17,1074,383,346,113,15,,
University Managed-Private,Engineering and Technology,PG,2017-18,1026,354,379,122,14,,
University Managed-Private,Engineering and Technology,PG,2018-19,1530,571,338,140,18,,
University Managed-Private,Engineering and Technology,PG,2019-20,2509,1092,757,239,23,,
University Managed-Private,Engineering and Technology,PG,2020-21,,,,,0,,
University Managed-Private,Engineering and Technology,PG,2021-22,,,,,0,,
University Managed-Private,Engineering and Technology,PG,2022-23,,,,,0,,
University Managed-Private,Engineering and Technology,DIPLOMA,2012-13,,,,,0,,
University Managed-Private,Engineering and Technology,DIPLOMA,2013-14,,,,,0,,
University Managed-Private,Engineering and Technology,DIPLOMA,2014-15,,,,,0,,
University Managed-Private,Engineering and Technology,DIPLOMA,2015-16,1500,444,693,64,6,,
University Managed-Private,Engineering and Technology,DIPLOMA,2016-17,2400,789,523,159,9,,
University Managed-Private,Engineering and Technology,DIPLOMA,2017-18,2280,919,500,262,8,,
University Managed-Private,Engineering and Technology,DIPLOMA,2018-19,1680,979,900,361,7,,
University Managed-Private,Engineering and Technology,DIPLOMA,2019-20,2262,1654,580,316,10,,
University Managed-Private,Engineering and Technology,DIPLOMA,2020-21,,,,,0,,
University Managed-Private,Engineering and Technology,DIPLOMA,2021-22,,,,,0,,
University Managed-Private,Engineering and Technology,DIPLOMA,2022-23,,,,,0,,
University Managed-Private,Management,PG,2012-13,,,,,0,,
University Managed-Private,Management,PG,2013-14,,,,,0,,
University Managed-Private,Management,PG,2014-15,,,,,0,,
University Managed-Private,Management,PG,2015-16,2220,1153,989,647,19,,
University Managed-Private,Management,PG,2016-17,2580,1611,1425,826,21,,
University Managed-Private,Management,PG,2017-18,2220,1739,1434,1093,21,,
University Managed-Private,Management,PG,2018-19,3698,2862,1553,1306,26,,
University Managed-Private,Management,PG,2019-20,5895,4723,2676,1895,36,,
University Managed-Private,Management,PG,2020-21,,,,,0,,
University Managed-Private,Management,PG,2021-22,,,,,0,,
University Managed-Private,Management,PG,2022-23,,,,,0,,
University Managed-Private,MCA,PG,2012-13,,,,,0,,
University Managed-Private,MCA,PG,2013-14,,,,,0,,
University Managed-Private,MCA,PG,2014-15,,,,,0,,
University Managed-Private,MCA,PG,2015-16,1185,356,643,257,13,,
University Managed-Private,MCA,PG,2016-17,1245,323,763,298,13,,
University Managed-Private,MCA,PG,2017-18,990,546,442,186,11,,
University Managed-Private,MCA,PG,2018-19,1050,686,542,306,14,,
University Managed-Private,MCA,PG,2019-20,1375,1090,550,245,19,,
University Managed-Private,MCA,PG,2020-21,,,,,0,,
University Managed-Private,MCA,PG,2021-22,,,,,0,,
University Managed-Private,MCA,PG,2022-23,,,,,0,,
University Managed-Private,Pharmacy,UG,2012-13,,,,,0,,
University Managed-Private,Pharmacy,UG,2013-14,,,,,0,,
University Managed-Private,Pharmacy,UG,2014-15,,,,,0,,
University Managed-Private,Pharmacy,UG,2015-16,760,543,313,84,8,,
University Managed-Private,Pharmacy,UG,2016-17,740,552,354,85,8,,
University Managed-Private,Pharmacy,UG,2017-18,780,588,374,144,8,,
University Managed-Private,Pharmacy,UG,2018-19,980,922,406,201,12,,
University Managed-Private,Pharmacy,UG,2019-20,1080,1005,290,159,14,,
University Managed-Private,Pharmacy,UG,2020-21,,,,,0,,
University Managed-Private,Pharmacy,UG,2021-22,,,,,0,,
University Managed-Private,Pharmacy,UG,2022-23,,,,,0,,
University Managed-Private,Architecture,UG,2012-13,,,,,0,,
University Managed-Private,Architecture,UG,2013-14,,,,,0,,
University Managed-Private,Architecture,UG,2014-15,,,,,0,,
University Managed-Private,Architecture,UG,2015-16,80,80,76,0,1,,
University Managed-Private,Architecture,UG,2016-17,80,80,80,0,1,,
University Managed-Private,Architecture,UG,2017-18,147,134,132,0,2,,
University Managed-Private,Architecture,UG,2018-19,160,157,0,0,2,,
University Managed-Private,Architecture,UG,2019-20,,,,,0,,
University Managed-Private,Architecture,UG,2020-21,,,,,0,,
University Managed-Private,Architecture,UG,2021-22,,,,,0,,
University Managed-Private,Architecture,UG,2022-23,,,,,0,,
University Managed-Private,Hotel Management and Catering,UG,2012-13,,,,,0,,
University Managed-Private,Hotel Management and Catering,UG,2013-14,,,,,0,,
University Managed-Private,Hotel Management and Catering,UG,2014-15,,,,,0,,
University Managed-Private,Hotel Management and Catering,UG,2015-16,240,92,30,48,4,,
University Managed-Private,Hotel Management and Catering,UG,2016-17,240,98,76,27,4,,
University Managed-Private,Hotel Management and Catering,UG,2017-18,150,133,110,72,3,,
University Managed-Private,Hotel Management and Catering,UG,2018-19,150,138,128,52,3,,
University Managed-Private,Hotel Management and Catering,UG,2019-20,150,123,63,62,3,,
University Managed-Private,Hotel Management and Catering,UG,2020-21,,,,,0,,
University Managed-Private,Hotel Management and Catering,UG,2021-22,,,,,0,,
University Managed-Private,Hotel Management and Catering,UG,2022-23,,,,,0,,
