year,level,state,board,gender,registered,appeared,passed_annual_and_supp,pass_percentage
2020,Class X,Central,"Central Board of Secondary Education, New Delhi",Boys,,1112826,1042110,93.65
2020,Class X,Central,"Central Board of Secondary Education, New Delhi",Girls,,791977,761881,96.2
2020,Class X,Central,"Central Board of Secondary Education, New Delhi",Total,,1904803,1803991,94.71
2020,Class X,Central,"Council for the Indian School Certificate Examinations, New Delhi",Boys,,112667,111686,99.13
2020,Class X,Central,"Council for the Indian School Certificate Examinations, New Delhi",Girls,,95236,94950,99.7
2020,Class X,Central,"Council for the Indian School Certificate Examinations, New Delhi",Total,,207903,206636,99.39
2020,Class X,Andhra Pradesh,"Andhra Pradesh, Board of Secondary Education",Boys,,326749,326749,100.0
2020,Class X,Andhra Pradesh,"Andhra Pradesh, Board of Secondary Education",Girls,,310600,310600,100.0
2020,Class X,Andhra Pradesh,"Andhra Pradesh, Board of Secondary Education",Total,,637349,637349,100.0
2020,Class X,Assam,Assam Board of Secondary Education,Boys,,160793,107632,66.94
2020,Class X,Assam,Assam Board of Secondary Education,Girls,,181431,114152,62.92
2020,Class X,Assam,Assam Board of Secondary Education,Total,,342224,221784,64.81
2020,Class X,Assam,"State Madarsa Education Board, Assam",Boys,,734,524,71.39
2020,Class X,Assam,"State Madarsa Education Board, Assam",Girls,,395,323,81.77
2020,Class X,Assam,"State Madarsa Education Board, Assam",Total,,1129,847,75.02
2020,Class X,Bihar,"Bihar School Examination Board, Patna",Boys,,673872,611714,90.78
2020,Class X,Bihar,"Bihar School Examination Board, Patna",Girls,,691927,604450,87.36
2020,Class X,Bihar,"Bihar School Examination Board, Patna",Total,,1365799,1216164,89.04
2020,Class X,Bihar,"Bihar State Madarsa Education Board, Vidyapati Marg, Patna",Boys,,24918,21822,87.58
2020,Class X,Bihar,"Bihar State Madarsa Education Board, Vidyapati Marg, Patna",Girls,,45410,42611,93.84
2020,Class X,Bihar,"Bihar State Madarsa Education Board, Vidyapati Marg, Patna",Total,,70328,64433,91.62
2020,Class X,Bihar,Bihar Sanskrit Shiksha Board Patna,Boys,,8236,8122,98.62
2020,Class X,Bihar,Bihar Sanskrit Shiksha Board Patna,Girls,,8859,8859,100.0
2020,Class X,Bihar,Bihar Sanskrit Shiksha Board Patna,Total,,17095,16981,99.33
2020,Class X,Chhattisgarh,Chhattisgarh Board of Secondary Education,Boys,,177983,125565,70.55
2020,Class X,Chhattisgarh,Chhattisgarh Board of Secondary Education,Girls,,206622,157664,76.31
2020,Class X,Chhattisgarh,Chhattisgarh Board of Secondary Education,Total,,384605,283229,73.64
2020,Class X,Chhattisgarh,"Chhattisgarh Madarsa Board, Raipur",Boys,,90,81,90.0
2020,Class X,Chhattisgarh,"Chhattisgarh Madarsa Board, Raipur",Girls,,37,35,94.59
2020,Class X,Chhattisgarh,"Chhattisgarh Madarsa Board, Raipur",Total,,127,116,91.34
2020,Class X,Chhattisgarh,"Chhattisgarh Sanskrit VidyaMandalam, Raipur",Boys,,545,533,97.8
2020,Class X,Chhattisgarh,"Chhattisgarh Sanskrit VidyaMandalam, Raipur",Girls,,346,346,100.0
2020,Class X,Chhattisgarh,"Chhattisgarh Sanskrit VidyaMandalam, Raipur",Total,,891,879,98.65
2020,Class X,Goa,Goa Board of Secondary & Higher Secondary Education,Boys,,9786,9100,92.99
2020,Class X,Goa,Goa Board of Secondary & Higher Secondary Education,Girls,,9896,9418,95.17
2020,Class X,Goa,Goa Board of Secondary & Higher Secondary Education,Total,,19682,18518,94.09
2020,Class X,Gujarat,Gujarat Secondary & Higher Secondary Education Board,Boys,,454325,255843,56.31
2020,Class X,Gujarat,Gujarat Secondary & Higher Secondary Education Board,Girls,,344080,227223,66.04
2020,Class X,Gujarat,Gujarat Secondary & Higher Secondary Education Board,Total,,798405,483066,60.5
2020,Class X,Haryana,Board of School Education Haryana,Boys,,186653,113350,60.73
2020,Class X,Haryana,Board of School Education Haryana,Girls,,152896,107456,70.28
2020,Class X,Haryana,Board of School Education Haryana,Total,,339549,220806,65.03
2020,Class X,Himachal Pradesh,Himachal Pradesh Board of School Education,Boys,,52644,35623,67.67
2020,Class X,Himachal Pradesh,Himachal Pradesh Board of School Education,Girls,,49044,36397,74.21
2020,Class X,Himachal Pradesh,Himachal Pradesh Board of School Education,Total,,101688,72020,70.82
2020,Class X,Jammu and Kashmir,Jammu and Kashmir State Board of School Education,Boys,,169713,118002,69.53
2020,Class X,Jammu and Kashmir,Jammu and Kashmir State Board of School Education,Girls,,129088,95261,73.8
2020,Class X,Jammu and Kashmir,Jammu and Kashmir State Board of School Education,Total,,298801,213263,71.37
2020,Class X,Jharkhand,"Jharkhand Academic Council, Ranchi",Boys,,180162,136682,75.87
2020,Class X,Jharkhand,"Jharkhand Academic Council, Ranchi",Girls,,204455,151803,74.25
2020,Class X,Jharkhand,"Jharkhand Academic Council, Ranchi",Total,,384617,288485,75.01
2020,Class X,Karnataka,"Karnataka, Secondary Education Examination Board",Boys,,436207,293793,67.35
2020,Class X,Karnataka,"Karnataka, Secondary Education Examination Board",Girls,,392911,305649,77.79
2020,Class X,Karnataka,"Karnataka, Secondary Education Examination Board",Total,,829118,599442,72.3
2020,Class X,Kerala,Kerala Board of Public Examination,Boys,,216757,215739,99.53
2020,Class X,Kerala,Kerala Board of Public Examination,Girls,,206551,206239,99.85
2020,Class X,Kerala,Kerala Board of Public Examination,Total,,423308,421978,99.69
2020,Class X,Madhya Pradesh,Board of Secondary Education Madhya Pradesh,Boys,,594395,346709,58.33
2020,Class X,Madhya Pradesh,Board of Secondary Education Madhya Pradesh,Girls,,503449,331412,65.83
2020,Class X,Madhya Pradesh,Board of Secondary Education Madhya Pradesh,Total,,1097844,678121,61.77
2020,Class X,Madhya Pradesh,"Maharshi Patanjali Sanskrit Sansthan,Bhopal (Madhya Pradesh)",Boys,,2604,2535,97.35
2020,Class X,Madhya Pradesh,"Maharshi Patanjali Sanskrit Sansthan,Bhopal (Madhya Pradesh)",Girls,,1015,987,97.24
2020,Class X,Madhya Pradesh,"Maharshi Patanjali Sanskrit Sansthan,Bhopal (Madhya Pradesh)",Total,,3619,3522,97.32
2020,Class X,Maharashtra,Maharashtra State Board of Secondary & Higher Secondary Education,Boys,,968093,885428,91.46
2020,Class X,Maharashtra,Maharashtra State Board of Secondary & Higher Secondary Education,Girls,,784156,751690,95.86
2020,Class X,Maharashtra,Maharashtra State Board of Secondary & Higher Secondary Education,Total,,1752249,1637118,93.43
2020,Class X,Manipur,"Board of Secondary Education, Manipur",Boys,,19039,15190,79.78
2020,Class X,Manipur,"Board of Secondary Education, Manipur",Girls,,19625,15235,77.63
2020,Class X,Manipur,"Board of Secondary Education, Manipur",Total,,38664,30425,78.69
2020,Class X,Meghalaya,Meghalaya Board of School Education,Boys,,22258,10996,49.4
2020,Class X,Meghalaya,Meghalaya Board of School Education,Girls,,27819,14205,51.06
2020,Class X,Meghalaya,Meghalaya Board of School Education,Total,,50077,25201,50.32
2020,Class X,Mizoram Nagaland,Mizoram Board of School Education,Boys,,8422,5919,70.28
2020,Class X,Mizoram Nagaland,Mizoram Board of School Education,Girls,,9614,6474,67.34
2020,Class X,Mizoram Nagaland,Mizoram Board of School Education,Total,,18036,12393,68.71
2020,Class X,Mizoram Nagaland,Nagaland Board of School Education,Boys,,10443,7210,69.04
2020,Class X,Mizoram Nagaland,Nagaland Board of School Education,Girls,,11949,8470,70.88
2020,Class X,Mizoram Nagaland,Nagaland Board of School Education,Total,,22392,15680,70.03
2020,Class X,New Delhi,Rashtriya Sanskrit Sansthan New Delhi,Boys,,585,585,100.0
2020,Class X,New Delhi,Rashtriya Sanskrit Sansthan New Delhi,Girls,,359,359,100.0
2020,Class X,New Delhi,Rashtriya Sanskrit Sansthan New Delhi,Total,,944,944,100.0
2020,Class X,Odisha,"Board of Secondary Education, Odisha",Boys,,248286,200322,80.68
2020,Class X,Odisha,"Board of Secondary Education, Odisha",Girls,,263391,220447,83.7
2020,Class X,Odisha,"Board of Secondary Education, Odisha",Total,,511677,420769,82.23
2020,Class X,Punjab,Punjab School Education Board,Boys,,186642,185230,99.24
2020,Class X,Punjab,Punjab School Education Board,Girls,,153123,152306,99.47
2020,Class X,Punjab,Punjab School Education Board,Total,,339765,337536,99.34
2020,Class X,Rajasthan,"Board of Secondary Education, Rajasthan",Boys,,633482,536650,84.71
2020,Class X,Rajasthan,"Board of Secondary Education, Rajasthan",Girls,,518336,449892,86.8
2020,Class X,Rajasthan,"Board of Secondary Education, Rajasthan",Total,,1151818,986542,85.65
2020,Class X,Rajasthan,"Banasthali Vidyapith , Rajasthan",Boys,,17,17,100.0
2020,Class X,Rajasthan,"Banasthali Vidyapith , Rajasthan",Girls,,362,362,100.0
2020,Class X,Rajasthan,"Banasthali Vidyapith , Rajasthan",Total,,379,379,100.0
2020,Class X,Tamil Nadu,State Board of School Education Tamil Nadu,Boys,,498306,477789,95.88
2020,Class X,Tamil Nadu,State Board of School Education Tamil Nadu,Girls,,479360,471558,98.37
2020,Class X,Tamil Nadu,State Board of School Education Tamil Nadu,Total,,977666,949347,97.1
2020,Class X,Telangana,"Directorate of Government Examination, Telangana State",Boys,,273951,273943,100.0
2020,Class X,Telangana,"Directorate of Government Examination, Telangana State",Girls,,260887,260884,100.0
2020,Class X,Telangana,"Directorate of Government Examination, Telangana State",Total,,534838,534827,100.0
2020,Class X,Tripura,Tripura Board of Secondary Education,Boys,,22836,15265,66.85
2020,Class X,Tripura,Tripura Board of Secondary Education,Girls,,26158,16652,63.66
2020,Class X,Tripura,Tripura Board of Secondary Education,Total,,48994,31917,65.14
2020,Class X,Uttar Pradesh,Madhyamik Shiksha Parishad Uttar Pradesh,Boys,,1490911,1190274,79.84
2020,Class X,Uttar Pradesh,Madhyamik Shiksha Parishad Uttar Pradesh,Girls,,1281860,1118644,87.27
2020,Class X,Uttar Pradesh,Madhyamik Shiksha Parishad Uttar Pradesh,Total,,2772771,2308918,83.27
2020,Class X,Uttar Pradesh,U.P. Dayalbagh Education Institute,Boys,,143,143,100.0
2020,Class X,Uttar Pradesh,U.P. Dayalbagh Education Institute,Girls,,210,210,100.0
2020,Class X,Uttar Pradesh,U.P. Dayalbagh Education Institute,Total,,353,353,100.0
2020,Class X,Uttar Pradesh,UP Board of Secondary Sanskrit Education,Boys,,17218,16756,97.32
2020,Class X,Uttar Pradesh,UP Board of Secondary Sanskrit Education,Girls,,5391,5255,97.48
2020,Class X,Uttar Pradesh,UP Board of Secondary Sanskrit Education,Total,,22609,22011,97.36
2020,Class X,Uttar Pradesh,Aligarh Muslim University Board of Secondary & Sr.Secondary Education,Boys,,744,730,98.12
2020,Class X,Uttar Pradesh,Aligarh Muslim University Board of Secondary & Sr.Secondary Education,Girls,,681,649,95.3
2020,Class X,Uttar Pradesh,Aligarh Muslim University Board of Secondary & Sr.Secondary Education,Total,,1425,1379,96.77
2020,Class X,Uttarakhand,Uttarakhand Board of School Education,Boys,,77140,53511,69.37
2020,Class X,Uttarakhand,Uttarakhand Board of School Education,Girls,,73248,59682,81.48
2020,Class X,Uttarakhand,Uttarakhand Board of School Education,Total,,150388,113193,75.27
2020,Class X,Uttarakhand,Uttarakhand Sanskrit Shiksha Parishad,Boys,,789,773,97.97
2020,Class X,Uttarakhand,Uttarakhand Sanskrit Shiksha Parishad,Girls,,68,64,94.12
2020,Class X,Uttarakhand,Uttarakhand Sanskrit Shiksha Parishad,Total,,857,837,97.67
2020,Class X,West Bengal,West Bengal Board of Secondary Education**,Boys,,437954,387478,88.47
2020,Class X,West Bengal,West Bengal Board of Secondary Education**,Girls,,565656,455839,80.59
2020,Class X,West Bengal,West Bengal Board of Secondary Education**,Total,,1003610,843317,84.03
2020,Class X,West Bengal,West Bengal Board of Madarsa Education,Boys,,15733,13873,88.18
2020,Class X,West Bengal,West Bengal Board of Madarsa Education,Girls,,35400,29605,83.63
2020,Class X,West Bengal,West Bengal Board of Madarsa Education,Total,,51133,43478,85.03
2020,Class XII,Central,"Central Board of Secondary Education, New Delhi",Boys,,714324,623877,87.34
2020,Class XII,Central,"Central Board of Secondary Education, New Delhi",Girls,,531007,502405,94.61
2020,Class XII,Central,"Central Board of Secondary Education, New Delhi",Total,,1245331,1126282,90.44
2020,Class XII,Central,"Council for the Indian School Certificate Examinations, New Delhi",Boys,,47434,45960,96.89
2020,Class XII,Central,"Council for the Indian School Certificate Examinations, New Delhi",Girls,,40983,40430,98.65
2020,Class XII,Central,"Council for the Indian School Certificate Examinations, New Delhi",Total,,88417,86390,97.71
2020,Class XII,Andhra Pradesh,"Andhra Pradesh, Board of Intermediate Education",Boys,,379395,256212,67.53
2020,Class XII,Andhra Pradesh,"Andhra Pradesh, Board of Intermediate Education",Girls,,358083,257364,71.87
2020,Class XII,Andhra Pradesh,"Andhra Pradesh, Board of Intermediate Education",Total,,737478,513576,69.64
2020,Class XII,Assam,Assam Higher Secondary Education Council,Boys,,117054,92084,78.67
2020,Class XII,Assam,Assam Higher Secondary Education Council,Girls,,109558,91157,83.2
2020,Class XII,Assam,Assam Higher Secondary Education Council,Total,,226612,183241,80.86
2020,Class XII,Bihar,"Bihar School Examination Board, Patna",Boys,,597476,513024,85.87
2020,Class XII,Bihar,"Bihar School Examination Board, Patna",Girls,,514997,457799,88.89
2020,Class XII,Bihar,"Bihar School Examination Board, Patna",Total,,1112473,970823,87.27
2020,Class XII,Bihar,"Bihar State Madarsa Education Board, Patna",Boys,,9649,9190,95.24
2020,Class XII,Bihar,"Bihar State Madarsa Education Board, Patna",Girls,,16563,16067,97.01
2020,Class XII,Bihar,"Bihar State Madarsa Education Board, Patna",Total,,26212,25257,96.36
2020,Class XII,Chhattisgarh,Chhattisgarh Board of Secondary Education,Boys,,129144,97090,75.18
2020,Class XII,Chhattisgarh,Chhattisgarh Board of Secondary Education,Girls,,146302,120569,82.41
2020,Class XII,Chhattisgarh,Chhattisgarh Board of Secondary Education,Total,,275446,217659,79.02
2020,Class XII,Chhattisgarh,"Chhattisgarh Madarsa Board, Raipur",Boys,,56,52,92.86
2020,Class XII,Chhattisgarh,"Chhattisgarh Madarsa Board, Raipur",Girls,,35,34,97.14
2020,Class XII,Chhattisgarh,"Chhattisgarh Madarsa Board, Raipur",Total,,91,86,94.51
2020,Class XII,Chhattisgarh,"Chhattisgarh Sanskrit VidyaMandalam, Raipur",Boys,,376,376,100.0
2020,Class XII,Chhattisgarh,"Chhattisgarh Sanskrit VidyaMandalam, Raipur",Girls,,225,222,98.67
2020,Class XII,Chhattisgarh,"Chhattisgarh Sanskrit VidyaMandalam, Raipur",Total,,601,598,99.5
2020,Class XII,Goa,Goa Board of Secondary & Higher Secondary Education,Boys,,9678,7981,82.47
2020,Class XII,Goa,Goa Board of Secondary & Higher Secondary Education,Girls,,10026,8767,87.44
2020,Class XII,Goa,Goa Board of Secondary & Higher Secondary Education,Total,,19704,16748,85.0
2020,Class XII,Gujarat,Gujarat Secondary & Higher Secondary Education Board,Boys,,285314,213274,74.75
2020,Class XII,Gujarat,Gujarat Secondary & Higher Secondary Education Board,Girls,,237565,200013,84.19
2020,Class XII,Gujarat,Gujarat Secondary & Higher Secondary Education Board,Total,,522879,413287,79.04
2020,Class XII,Haryana,Board of School Education Haryana,Boys,,113153,87015,76.9
2020,Class XII,Haryana,Board of School Education Haryana,Girls,,99952,87748,87.79
2020,Class XII,Haryana,Board of School Education Haryana,Total,,213105,174763,82.01
2020,Class XII,Himachal Pradesh,H.P. Board of School Education,Boys,,41179,33550,81.47
2020,Class XII,Himachal Pradesh,H.P. Board of School Education,Girls,,41301,36209,87.67
2020,Class XII,Himachal Pradesh,H.P. Board of School Education,Total,,82480,69759,84.58
2020,Class XII,Jammu and Kashmir,The Jammu & Kashmir State Board of School Education,Boys,,122611,87789,71.6
2020,Class XII,Jammu and Kashmir,The Jammu & Kashmir State Board of School Education,Girls,,94667,73388,77.52
2020,Class XII,Jammu and Kashmir,The Jammu & Kashmir State Board of School Education,Total,,217278,161177,74.18
2020,Class XII,Jharkhand,"Jharkhand Academic Council, Ranchi",Boys,,118745,82336,69.34
2020,Class XII,Jharkhand,"Jharkhand Academic Council, Ranchi",Girls,,112563,90101,80.04
2020,Class XII,Jharkhand,"Jharkhand Academic Council, Ranchi",Total,,231308,172437,74.55
2020,Class XII,Karnataka,"Department of Pre-University Education, Karnataka",Boys,,335442,228284,68.05
2020,Class XII,Karnataka,"Department of Pre-University Education, Karnataka",Girls,,339831,267706,78.78
2020,Class XII,Karnataka,"Department of Pre-University Education, Karnataka",Total,,675273,495990,73.45
2020,Class XII,Kerala,Kerala Higher Secondary Board,Boys,,209636,155362,74.11
2020,Class XII,Kerala,Kerala Higher Secondary Board,Girls,,216593,197714,91.28
2020,Class XII,Kerala,Kerala Higher Secondary Board,Total,,426229,353076,82.84
2020,Class XII,Kerala,"State Board of Vocational Higher Secondary, Kerala",Boys,,12765,10304,80.72
2020,Class XII,Kerala,"State Board of Vocational Higher Secondary, Kerala",Girls,,20353,12363,60.74
2020,Class XII,Kerala,"State Board of Vocational Higher Secondary, Kerala",Total,,33118,22667,68.44
2020,Class XII,Madhya Pradesh,"Board of Secondary Education, Madhya Pradesh",Boys,,424812,288124,67.82
2020,Class XII,Madhya Pradesh,"Board of Secondary Education, Madhya Pradesh",Girls,,360109,280743,77.96
2020,Class XII,Madhya Pradesh,"Board of Secondary Education, Madhya Pradesh",Total,,784921,568867,72.47
2020,Class XII,Madhya Pradesh,"Maharshi Patanjali Sanskrit Sansthan,Bhopal (Madhya Pradesh)",Boys,,1638,1011,61.72
2020,Class XII,Madhya Pradesh,"Maharshi Patanjali Sanskrit Sansthan,Bhopal (Madhya Pradesh)",Girls,,685,396,57.81
2020,Class XII,Madhya Pradesh,"Maharshi Patanjali Sanskrit Sansthan,Bhopal (Madhya Pradesh)",Total,,2323,1407,60.57
2020,Class XII,Maharashtra,Maharashtra State Board of Secondary & Higher Secondary Education,Boys,,835965,704855,84.32
2020,Class XII,Maharashtra,Maharashtra State Board of Secondary & Higher Secondary Education,Girls,,656077,605306,92.26
2020,Class XII,Maharashtra,Maharashtra State Board of Secondary & Higher Secondary Education,Total,,1492042,1310161,87.81
2020,Class XII,Manipur,"Council of Higher Secondary Education, Manipur",Boys,,14841,13934,93.89
2020,Class XII,Manipur,"Council of Higher Secondary Education, Manipur",Girls,,14195,13569,95.59
2020,Class XII,Manipur,"Council of Higher Secondary Education, Manipur",Total,,29036,27503,94.72
2020,Class XII,Meghalaya,Meghalaya Board of School Education,Boys,,13266,9191,69.28
2020,Class XII,Meghalaya,Meghalaya Board of School Education,Girls,,16757,13137,78.4
2020,Class XII,Meghalaya,Meghalaya Board of School Education,Total,,30023,22328,74.37
2020,Class XII,Mizoram,Mizoram Board of School Education,Boys,,5733,4517,78.79
2020,Class XII,Mizoram,Mizoram Board of School Education,Girls,,6592,5253,79.69
2020,Class XII,Mizoram,Mizoram Board of School Education,Total,,12325,9770,79.27
2020,Class XII,Nagaland,Nagaland Board of School Education,Boys,,7337,4960,67.6
2020,Class XII,Nagaland,Nagaland Board of School Education,Girls,,8114,6431,79.26
2020,Class XII,Nagaland,Nagaland Board of School Education,Total,,15451,11391,73.72
2020,Class XII,New Delhi,Rashtriya Sanskrit Sansthan New Delhi,Boys,,985,985,100.0
2020,Class XII,New Delhi,Rashtriya Sanskrit Sansthan New Delhi,Girls,,590,590,100.0
2020,Class XII,New Delhi,Rashtriya Sanskrit Sansthan New Delhi,Total,,1575,1575,100.0
2020,Class XII,Odisha,"Council of Higher Secondary Education, Odisha",Boys,,173332,108223,62.44
2020,Class XII,Odisha,"Council of Higher Secondary Education, Odisha",Girls,,176563,131967,74.74
2020,Class XII,Odisha,"Council of Higher Secondary Education, Odisha",Total,,349895,240190,68.65
2020,Class XII,Punjab,Punjab School Education Board,Boys,,146622,136863,93.34
2020,Class XII,Punjab,Punjab School Education Board,Girls,,125100,121606,97.21
2020,Class XII,Punjab,Punjab School Education Board,Total,,271722,258469,95.12
2020,Class XII,Rajasthan,"Board of Secondary Education, Rajasthan",Boys,,485316,447252,92.16
2020,Class XII,Rajasthan,"Board of Secondary Education, Rajasthan",Girls,,368622,354239,96.1
2020,Class XII,Rajasthan,"Board of Secondary Education, Rajasthan",Total,,853938,801491,93.86
2020,Class XII,Rajasthan,"Banasthali Vidyapith , Rajasthan",Boys,,17,17,100.0
2020,Class XII,Rajasthan,"Banasthali Vidyapith , Rajasthan",Girls,,701,701,100.0
2020,Class XII,Rajasthan,"Banasthali Vidyapith , Rajasthan",Total,,718,718,100.0
2020,Class XII,Tamil Nadu,State Board of School Education Tamil Nadu,Boys,,361549,319572,88.39
2020,Class XII,Tamil Nadu,State Board of School Education Tamil Nadu,Girls,,427499,403290,94.34
2020,Class XII,Tamil Nadu,State Board of School Education Tamil Nadu,Total,,789048,722862,91.61
2020,Class XII,Telangana,Telangana State Board of Intermediate Education,Boys,,246246,246203,99.98
2020,Class XII,Telangana,Telangana State Board of Intermediate Education,Girls,,238919,238915,100.0
2020,Class XII,Telangana,Telangana State Board of Intermediate Education,Total,,485165,485118,99.99
2020,Class XII,Tripura,Tripura Board of Secondary Education,Boys,,13404,10486,78.23
2020,Class XII,Tripura,Tripura Board of Secondary Education,Girls,,12898,10913,84.61
2020,Class XII,Tripura,Tripura Board of Secondary Education,Total,,26302,21399,81.36
2020,Class XII,Uttar Pradesh,Madhyamik Shiksha Parishad Uttar Pradesh,Boys,,1392784,965637,69.33
2020,Class XII,Uttar Pradesh,Madhyamik Shiksha Parishad Uttar Pradesh,Girls,,1091831,903479,82.75
2020,Class XII,Uttar Pradesh,Madhyamik Shiksha Parishad Uttar Pradesh,Total,,2484615,1869116,75.23
2020,Class XII,Uttar Pradesh,Aligarh Muslim University Board of Secondary & Sr. Secondary Education,Boys,,2005,1871,93.32
2020,Class XII,Uttar Pradesh,Aligarh Muslim University Board of Secondary & Sr. Secondary Education,Girls,,1507,1441,95.62
2020,Class XII,Uttar Pradesh,Aligarh Muslim University Board of Secondary & Sr. Secondary Education,Total,,3512,3312,94.31
2020,Class XII,Uttar Pradesh,U.P. Dayalbagh Education Institute,Boys,,155,154,99.35
2020,Class XII,Uttar Pradesh,U.P. Dayalbagh Education Institute,Girls,,184,183,99.46
2020,Class XII,Uttar Pradesh,U.P. Dayalbagh Education Institute,Total,,339,337,99.41
2020,Class XII,Uttar Pradesh,UP Board of Secondary Sanskrit Education,Boys,,11041,10702,96.93
2020,Class XII,Uttar Pradesh,UP Board of Secondary Sanskrit Education,Girls,,4401,4281,97.27
2020,Class XII,Uttar Pradesh,UP Board of Secondary Sanskrit Education,Total,,15442,14983,97.03
2020,Class XII,Uttarakhand,Uttarakhand Board of School Education,Boys,,57854,44376,76.7
2020,Class XII,Uttarakhand,Uttarakhand Board of School Education,Girls,,61310,51305,83.68
2020,Class XII,Uttarakhand,Uttarakhand Board of School Education,Total,,119164,95681,80.29
2020,Class XII,Uttarakhand,Uttarakhand Sanskrit Shiksha Parishad,Boys,,699,678,97.0
2020,Class XII,Uttarakhand,Uttarakhand Sanskrit Shiksha Parishad,Girls,,53,53,100.0
2020,Class XII,Uttarakhand,Uttarakhand Sanskrit Shiksha Parishad,Total,,752,731,97.21
2020,Class XII,West Bengal,West Bengal council of Higher Secondary Education,Boys,,346781,310645,89.58
2020,Class XII,West Bengal,West Bengal council of Higher Secondary Education,Girls,,414862,369501,89.07
2020,Class XII,West Bengal,West Bengal council of Higher Secondary Education,Total,,761643,680146,89.3
2020,Class XII,West Bengal,West Bengal Board of Madarsa Education,Boys,,2072,1936,93.44
2020,Class XII,West Bengal,West Bengal Board of Madarsa Education,Girls,,2008,1697,84.51
2020,Class XII,West Bengal,West Bengal Board of Madarsa Education,Total,,4080,3633,89.04
2021,Class X,2,3,Boys,,4,13,16.0
2021,Class X,2,3,Girls,,5,14,17.0
2021,Class X,2,3,Total,,6,15,18.0
2021,Class X,Central,"Central Board of Secondary Education, New Delhi",Boys,,1242323,1220893,98.28
2021,Class X,Central,"Central Board of Secondary Education, New Delhi",Girls,,893670,883904,98.91
2021,Class X,Central,"Central Board of Secondary Education, New Delhi",Total,,2135993,2104797,98.54
2021,Class X,Central,"Council for the Indian School Certificate Examinations,New Delhi",Boys,,118834,118807,99.98
2021,Class X,Central,"Council for the Indian School Certificate Examinations,New Delhi",Girls,,100664,100646,99.98
2021,Class X,Central,"Council for the Indian School Certificate Examinations,New Delhi",Total,,219498,219453,99.98
2021,Class X,Andhra Pradesh,"Andhra Pradesh, Board of Secondary Education",Boys,,322947,322947,100.0
2021,Class X,Andhra Pradesh,"Andhra Pradesh, Board of Secondary Education",Girls,,304036,304036,100.0
2021,Class X,Andhra Pradesh,"Andhra Pradesh, Board of Secondary Education",Total,,626983,626983,100.0
2021,Class X,Assam,Assam Board of Secondary Education,Boys,,202288,194770,96.28
2021,Class X,Assam,Assam Board of Secondary Education,Girls,,236540,227297,96.09
2021,Class X,Assam,Assam Board of Secondary Education,Total,,438828,422067,96.18
2021,Class X,Assam,"State Madrassa Education Board, Assam",Boys,,2010,1851,92.09
2021,Class X,Assam,"State Madrassa Education Board, Assam",Girls,,1783,1755,98.43
2021,Class X,Assam,"State Madrassa Education Board, Assam",Total,,3793,3606,95.07
2021,Class X,Bihar,"Bihar School Examinaiton Board, Patna",Boys,,763922,670656,87.79
2021,Class X,Bihar,"Bihar School Examinaiton Board, Patna",Girls,,738386,621320,84.15
2021,Class X,Bihar,"Bihar School Examinaiton Board, Patna",Total,,1502308,1291976,86.0
2021,Class X,Bihar,"Bihar State Madrasa Education Board, Vidyapati Marg, Patna",Boys,,22910,21053,91.89
2021,Class X,Bihar,"Bihar State Madrasa Education Board, Vidyapati Marg, Patna",Girls,,45645,43731,95.81
2021,Class X,Bihar,"Bihar State Madrasa Education Board, Vidyapati Marg, Patna",Total,,68555,64784,94.5
2021,Class X,Bihar,Bihar Sanskrit Shiksha Board Patna,Boys,,4430,3702,83.57
2021,Class X,Bihar,Bihar Sanskrit Shiksha Board Patna,Girls,,4268,3695,86.57
2021,Class X,Bihar,Bihar Sanskrit Shiksha Board Patna,Total,,8698,7397,85.04
2021,Class X,Chhattisgarh,Chhattisgarh Board of Secondary Education,Boys,,223300,223300,100.0
2021,Class X,Chhattisgarh,Chhattisgarh Board of Secondary Education,Girls,,236392,236392,100.0
2021,Class X,Chhattisgarh,Chhattisgarh Board of Secondary Education,Total,,459692,459692,100.0
2021,Class X,Chhattisgarh,"Chhattisgarh Madarsa Board, Raipur",Boys,,68,66,97.06
2021,Class X,Chhattisgarh,"Chhattisgarh Madarsa Board, Raipur",Girls,,39,37,94.87
2021,Class X,Chhattisgarh,"Chhattisgarh Madarsa Board, Raipur",Total,,107,103,96.26
2021,Class X,Chhattisgarh,"Chhatisgarh Sanskriti Vidya Mandalam, Raipur",Boys,,625,625,100.0
2021,Class X,Chhattisgarh,"Chhatisgarh Sanskriti Vidya Mandalam, Raipur",Girls,,411,411,100.0
2021,Class X,Chhattisgarh,"Chhatisgarh Sanskriti Vidya Mandalam, Raipur",Total,,1036,1036,100.0
2021,Class X,Goa,Goa Board of Secondary & Higher Secondary Education,Boys,,13975,13928,99.66
2021,Class X,Goa,Goa Board of Secondary & Higher Secondary Education,Girls,,11574,11556,99.84
2021,Class X,Goa,Goa Board of Secondary & Higher Secondary Education,Total,,25549,25484,99.75
2021,Class X,Gujarat,Gujarat Secondary & Higher Secondary Education Board,Boys,,498049,490887,98.56
2021,Class X,Gujarat,Gujarat Secondary & Higher Secondary Education Board,Girls,,372121,367165,98.67
2021,Class X,Gujarat,Gujarat Secondary & Higher Secondary Education Board,Total,,870170,858052,98.61
2021,Class X,Haryana,Board of School Education Haryana,Boys,,178817,178817,100.0
2021,Class X,Haryana,Board of School Education Haryana,Girls,,178816,178816,100.0
2021,Class X,Haryana,Board of School Education Haryana,Total,,357633,357633,100.0
2021,Class X,Himachal Pradesh,Himachal Pradesh Board of School Education,Boys,,61221,61117,99.83
2021,Class X,Himachal Pradesh,Himachal Pradesh Board of School Education,Girls,,52622,52575,99.91
2021,Class X,Himachal Pradesh,Himachal Pradesh Board of School Education,Total,,113843,113692,99.87
2021,Class X,Jammu and Kashmir,Jammu and Kashmir State Board of School Education,Boys,,56782,47641,83.9
2021,Class X,Jammu and Kashmir,Jammu and Kashmir State Board of School Education,Girls,,42698,37442,87.69
2021,Class X,Jammu and Kashmir,Jammu and Kashmir State Board of School Education,Total,,99480,85083,85.53
2021,Class X,Jharkhand,"Jharkhand Academic Council, Ranchi",Boys,,208759,200278,95.94
2021,Class X,Jharkhand,"Jharkhand Academic Council, Ranchi",Girls,,226049,216951,95.98
2021,Class X,Jharkhand,"Jharkhand Academic Council, Ranchi",Total,,434808,417229,95.96
2021,Class X,Karnataka,"Karnataka, Secondary Education Examination Board",Boys,,421357,421356,100.0
2021,Class X,Karnataka,"Karnataka, Secondary Education Examination Board",Girls,,380438,380437,100.0
2021,Class X,Karnataka,"Karnataka, Secondary Education Examination Board",Total,,801795,801793,100.0
2021,Class X,Kerala,Kerala Board of Public Examination,Boys,,215836,215574,99.88
2021,Class X,Kerala,Kerala Board of Public Examination,Girls,,206532,206474,99.97
2021,Class X,Kerala,Kerala Board of Public Examination,Total,,422368,422048,99.92
2021,Class X,Madhya Pradesh,Board of Secondary Education Madhya Pradesh,Boys,,541440,540770,99.88
2021,Class X,Madhya Pradesh,Board of Secondary Education Madhya Pradesh,Girls,,455574,455237,99.93
2021,Class X,Madhya Pradesh,Board of Secondary Education Madhya Pradesh,Total,,997014,996007,99.9
2021,Class X,Madhya Pradesh,"Maharshi Patanjali Sanskrit Sansthan,Bhopal(Madhya Pradesh)",Boys,,3118,3091,99.13
2021,Class X,Madhya Pradesh,"Maharshi Patanjali Sanskrit Sansthan,Bhopal(Madhya Pradesh)",Girls,,1360,1357,99.78
2021,Class X,Madhya Pradesh,"Maharshi Patanjali Sanskrit Sansthan,Bhopal(Madhya Pradesh)",Total,,4478,4448,99.33
2021,Class X,Maharashtra,Maharashtra State Board of Secondary & Higher Secondary Education,Boys,,908093,906879,99.87
2021,Class X,Maharashtra,Maharashtra State Board of Secondary & Higher Secondary Education,Girls,,747025,746558,99.94
2021,Class X,Maharashtra,Maharashtra State Board of Secondary & Higher Secondary Education,Total,,1655118,1653437,99.9
2021,Class X,Manipur,"Board of Secondary Education, Manipur",Boys,,23956,23956,100.0
2021,Class X,Manipur,"Board of Secondary Education, Manipur",Girls,,23252,23252,100.0
2021,Class X,Manipur,"Board of Secondary Education, Manipur",Total,,47208,47208,100.0
2021,Class X,Meghalaya,Meghalaya Board of School Education,Boys,,25710,14121,54.92
2021,Class X,Meghalaya,Meghalaya Board of School Education,Girls,,32681,19879,60.83
2021,Class X,Meghalaya,Meghalaya Board of School Education,Total,,58391,34000,58.23
2021,Class X,Mizoram,Mizoram Board of School Education,Boys,,8348,6898,82.63
2021,Class X,Mizoram,Mizoram Board of School Education,Girls,,9666,8112,83.92
2021,Class X,Mizoram,Mizoram Board of School Education,Total,,18014,15010,83.32
2021,Class X,Nagaland,Nagaland Board of School Education,Boys,,11235,7671,68.28
2021,Class X,Nagaland,Nagaland Board of School Education,Girls,,12374,8720,70.47
2021,Class X,Nagaland,Nagaland Board of School Education,Total,,23609,16391,69.43
2021,Class X,New Delhi,Rashtriya Sanskrit Sansthan New delhi,Boys,,547,547,100.0
2021,Class X,New Delhi,Rashtriya Sanskrit Sansthan New delhi,Girls,,281,281,100.0
2021,Class X,New Delhi,Rashtriya Sanskrit Sansthan New delhi,Total,,828,828,100.0
2021,Class X,Odisha,"Board of Secondary Education, Odisha",Boys,,288537,280352,97.16
2021,Class X,Odisha,"Board of Secondary Education, Odisha",Girls,,285588,281658,98.62
2021,Class X,Odisha,"Board of Secondary Education, Odisha",Total,,574125,562010,97.89
2021,Class X,Punjab,Punjab School Education Board,Boys,,179418,177733,99.06
2021,Class X,Punjab,Punjab School Education Board,Girls,,147731,146149,98.93
2021,Class X,Punjab,Punjab School Education Board,Total,,327149,323882,99.0
2021,Class X,Rajasthan,"Board of Secondary Education, Rajasthan",Boys,,682013,680884,99.83
2021,Class X,Rajasthan,"Board of Secondary Education, Rajasthan",Girls,,527262,526642,99.88
2021,Class X,Rajasthan,"Board of Secondary Education, Rajasthan",Total,,1209275,1207526,99.86
2021,Class X,Rajasthan,"Banasthali Vidyapith , Rajasthan#",Boys,,12,12,100.0
2021,Class X,Rajasthan,"Banasthali Vidyapith , Rajasthan#",Girls,,423,423,100.0
2021,Class X,Rajasthan,"Banasthali Vidyapith , Rajasthan#",Total,,435,435,100.0
2021,Class X,Tamil Nadu,State Board of School Educaiton Tamil Nadu,Boys,,512728,497095,96.95
2021,Class X,Tamil Nadu,State Board of School Educaiton Tamil Nadu,Girls,,479136,472668,98.65
2021,Class X,Tamil Nadu,State Board of School Educaiton Tamil Nadu,Total,,991864,969763,97.77
2021,Class X,Telangana,"Directorate of Government Examination, Telangana State",Boys,,265534,265534,100.0
2021,Class X,Telangana,"Directorate of Government Examination, Telangana State",Girls,,255487,255487,100.0
2021,Class X,Telangana,"Directorate of Government Examination, Telangana State",Total,,521021,521021,100.0
2021,Class X,Tripura,Tripura Board of Secondary Education,Boys,,18991,18991,100.0
2021,Class X,Tripura,Tripura Board of Secondary Education,Girls,,20997,20997,100.0
2021,Class X,Tripura,Tripura Board of Secondary Education,Total,,39988,39988,100.0
2021,Class X,Uttar Pradesh,Madhyamik Shiksha Parishad Uttar Pradesh,Boys,,1670022,1668884,99.93
2021,Class X,Uttar Pradesh,Madhyamik Shiksha Parishad Uttar Pradesh,Girls,,1313787,1313206,99.96
2021,Class X,Uttar Pradesh,Madhyamik Shiksha Parishad Uttar Pradesh,Total,,2983809,2982090,99.94
2021,Class X,Uttar Pradesh,U.P. Dayalbag Education Institute,Boys,,124,123,99.19
2021,Class X,Uttar Pradesh,U.P. Dayalbag Education Institute,Girls,,206,205,99.51
2021,Class X,Uttar Pradesh,U.P. Dayalbag Education Institute,Total,,330,328,99.39
2021,Class X,Uttar Pradesh,UP Board of Secondary Sanskrit Education,Boys,,23256,22969,98.77
2021,Class X,Uttar Pradesh,UP Board of Secondary Sanskrit Education,Girls,,7482,7410,99.04
2021,Class X,Uttar Pradesh,UP Board of Secondary Sanskrit Education,Total,,30738,30379,98.83
2021,Class X,Uttar Pradesh,Aligarh Muslim University Board of Secondary & Sr.Secondary Education,Boys,,751,727,96.8
2021,Class X,Uttar Pradesh,Aligarh Muslim University Board of Secondary & Sr.Secondary Education,Girls,,594,580,97.64
2021,Class X,Uttar Pradesh,Aligarh Muslim University Board of Secondary & Sr.Secondary Education,Total,,1345,1307,97.17
2021,Class X,Uttarakhand,Uttarakhand Board of School Education,Boys,,76570,76510,99.92
2021,Class X,Uttarakhand,Uttarakhand Board of School Education,Girls,,71147,71098,99.93
2021,Class X,Uttarakhand,Uttarakhand Board of School Education,Total,,147717,147608,99.93
2021,Class X,Uttarakhand,Uttarakhand Sanskriti Shiksha Parishad,Boys,,930,925,99.46
2021,Class X,Uttarakhand,Uttarakhand Sanskriti Shiksha Parishad,Girls,,97,96,98.97
2021,Class X,Uttarakhand,Uttarakhand Sanskriti Shiksha Parishad,Total,,1027,1021,99.42
2021,Class X,West Bengal,West Bengal Board of Secondary Education,Boys,,465984,465984,100.0
2021,Class X,West Bengal,West Bengal Board of Secondary Education,Girls,,614012,614012,100.0
2021,Class X,West Bengal,West Bengal Board of Secondary Education,Total,,1079996,1079996,100.0
2021,Class X,West Bengal,West Bengal Board of Madrasah Education **,Boys,,16408,16405,99.98
2021,Class X,West Bengal,West Bengal Board of Madrasah Education **,Girls,,39887,39884,99.99
2021,Class X,West Bengal,West Bengal Board of Madrasah Education **,Total,,56295,56289,99.99
2021,Class XII,2,3,Boys,,4,13,16.0
2021,Class XII,2,3,Girls,,5,14,17.0
2021,Class XII,2,3,Total,,6,15,18.0
2021,Class XII,Central,"Central Board of Secondary Education, New Delhi",Boys,,816223,781913,95.8
2021,Class XII,Central,"Central Board of Secondary Education, New Delhi",Girls,,621221,609626,98.13
2021,Class XII,Central,"Central Board of Secondary Education, New Delhi",Total,,1437444,1391539,96.81
2021,Class XII,Central,"Council for the Indian School Certificate Examinations,New Delhi",Boys,,50459,50288,99.66
2021,Class XII,Central,"Council for the Indian School Certificate Examinations,New Delhi",Girls,,43554,43494,99.86
2021,Class XII,Central,"Council for the Indian School Certificate Examinations,New Delhi",Total,,94013,93782,99.75
2021,Class XII,Andhra Pradesh,"Andhra Pradesh, Board of Intermediate Education",Boys,,259372,258265,99.57
2021,Class XII,Andhra Pradesh,"Andhra Pradesh, Board of Intermediate Education",Girls,,262704,261535,99.56
2021,Class XII,Andhra Pradesh,"Andhra Pradesh, Board of Intermediate Education",Total,,522076,519800,99.56
2021,Class XII,Assam,Assam Higher Secondary Education Council,Boys,,128731,127395,98.96
2021,Class XII,Assam,Assam Higher Secondary Education Council,Girls,,121078,119933,99.05
2021,Class XII,Assam,Assam Higher Secondary Education Council,Total,,249809,247328,99.01
2021,Class XII,Bihar,"Bihar School Examination Board, Patna",Boys,,630099,537200,85.26
2021,Class XII,Bihar,"Bihar School Examination Board, Patna",Girls,,605663,537861,88.81
2021,Class XII,Bihar,"Bihar School Examination Board, Patna",Total,,1235762,1075061,87.0
2021,Class XII,Bihar,"Bihar State Madrasa Education Board, Patna",Boys,,11010,10648,96.71
2021,Class XII,Bihar,"Bihar State Madrasa Education Board, Patna",Girls,,20872,20379,97.64
2021,Class XII,Bihar,"Bihar State Madrasa Education Board, Patna",Total,,31882,31027,97.32
2021,Class XII,Chhattisgarh,Chhattisgarh Board of Secondary Education,Boys,,130751,128002,97.9
2021,Class XII,Chhattisgarh,Chhattisgarh Board of Secondary Education,Girls,,153680,151603,98.65
2021,Class XII,Chhattisgarh,Chhattisgarh Board of Secondary Education,Total,,284431,279605,98.3
2021,Class XII,Chhattisgarh,"Chhattisgarh Madarsa Board, Raipur",Boys,,50,49,98.0
2021,Class XII,Chhattisgarh,"Chhattisgarh Madarsa Board, Raipur",Girls,,51,49,96.08
2021,Class XII,Chhattisgarh,"Chhattisgarh Madarsa Board, Raipur",Total,,101,98,97.03
2021,Class XII,Chhattisgarh,"Chhatisgarh Sanskriti Vidya Mandalam, Raipur",Boys,,367,367,100.0
2021,Class XII,Chhattisgarh,"Chhatisgarh Sanskriti Vidya Mandalam, Raipur",Girls,,262,262,100.0
2021,Class XII,Chhattisgarh,"Chhatisgarh Sanskriti Vidya Mandalam, Raipur",Total,,629,629,100.0
2021,Class XII,Goa,Goa Board of Secondary & Higher Secondary Education,Boys,,9964,9930,99.66
2021,Class XII,Goa,Goa Board of Secondary & Higher Secondary Education,Girls,,9768,9743,99.74
2021,Class XII,Goa,Goa Board of Secondary & Higher Secondary Education,Total,,19732,19673,99.7
2021,Class XII,Gujarat,Gujarat Secondary & Higher Secondary Education Board,Boys,,291304,277891,95.4
2021,Class XII,Gujarat,Gujarat Secondary & Higher Secondary Education Board,Girls,,246208,238944,97.05
2021,Class XII,Gujarat,Gujarat Secondary & Higher Secondary Education Board,Total,,537512,516835,96.15
2021,Class XII,Haryana,Board of School Education Haryana,Boys,,124348,122903,98.84
2021,Class XII,Haryana,Board of School Education Haryana,Girls,,110267,110152,99.9
2021,Class XII,Haryana,Board of School Education Haryana,Total,,234615,233055,99.34
2021,Class XII,Himachal Pradesh,H.P. Board of School Education,Boys,,49871,45667,91.57
2021,Class XII,Himachal Pradesh,H.P. Board of School Education,Girls,,47735,46284,96.96
2021,Class XII,Himachal Pradesh,H.P. Board of School Education,Total,,97606,91951,94.21
2021,Class XII,Jammu and Kashmir,The Jammu & Kashmir State Board of School Education,Boys,,105723,76766,72.61
2021,Class XII,Jammu and Kashmir,The Jammu & Kashmir State Board of School Education,Girls,,84178,65319,77.6
2021,Class XII,Jammu and Kashmir,The Jammu & Kashmir State Board of School Education,Total,,189901,142085,74.82
2021,Class XII,Jharkhand,"Jharkhand Academic Council, Ranchi",Boys,,169413,149666,88.34
2021,Class XII,Jharkhand,"Jharkhand Academic Council, Ranchi",Girls,,162416,147547,90.85
2021,Class XII,Jharkhand,"Jharkhand Academic Council, Ranchi",Total,,331829,297213,89.57
2021,Class XII,Karnataka,"Department of Pre-University Education, Karnataka",Boys,,296910,288434,97.15
2021,Class XII,Karnataka,"Department of Pre-University Education, Karnataka",Girls,,310786,306581,98.65
2021,Class XII,Karnataka,"Department of Pre-University Education, Karnataka",Total,,607696,595015,97.91
2021,Class XII,Kerala,Kerala Higher Secondary Board,Boys,,208973,172206,82.41
2021,Class XII,Kerala,Kerala Higher Secondary Board,Girls,,213908,202237,94.54
2021,Class XII,Kerala,Kerala Higher Secondary Board,Total,,422881,374443,88.55
2021,Class XII,Kerala,"State Board of Vocational Higher Secondary, Kerala",Boys,,16888,13978,82.77
2021,Class XII,Kerala,"State Board of Vocational Higher Secondary, Kerala",Girls,,11372,10422,91.65
2021,Class XII,Kerala,"State Board of Vocational Higher Secondary, Kerala",Total,,28260,24400,86.34
2021,Class XII,Madhya Pradesh,"Board of Secondary Education, Madhya Pradesh",Boys,,393302,393202,99.97
2021,Class XII,Madhya Pradesh,"Board of Secondary Education, Madhya Pradesh",Girls,,342180,342141,99.99
2021,Class XII,Madhya Pradesh,"Board of Secondary Education, Madhya Pradesh",Total,,735482,735343,99.98
2021,Class XII,Madhya Pradesh,"Maharshi Patanjali Sanskrit Sansthan,Bhopal(Madhya Pradesh)",Boys,,2011,1999,99.4
2021,Class XII,Madhya Pradesh,"Maharshi Patanjali Sanskrit Sansthan,Bhopal(Madhya Pradesh)",Girls,,930,927,99.68
2021,Class XII,Madhya Pradesh,"Maharshi Patanjali Sanskrit Sansthan,Bhopal(Madhya Pradesh)",Total,,2941,2926,99.49
2021,Class XII,Maharashtra,Maharashtra State Board of Secondary & Higher Secondary Education,Boys,,758537,757238,99.83
2021,Class XII,Maharashtra,Maharashtra State Board of Secondary & Higher Secondary Education,Girls,,624879,624302,99.91
2021,Class XII,Maharashtra,Maharashtra State Board of Secondary & Higher Secondary Education,Total,,1383416,1381540,99.86
2021,Class XII,Manipur,"Council of Higher Secondary Education, Manipur",Boys,,15947,15947,100.0
2021,Class XII,Manipur,"Council of Higher Secondary Education, Manipur",Girls,,15281,15281,100.0
2021,Class XII,Manipur,"Council of Higher Secondary Education, Manipur",Total,,31228,31228,100.0
2021,Class XII,Meghalaya,Meghalaya Board of School Education,Boys,,14030,10697,76.24
2021,Class XII,Meghalaya,Meghalaya Board of School Education,Girls,,16771,14032,83.67
2021,Class XII,Meghalaya,Meghalaya Board of School Education,Total,,30801,24729,80.29
2021,Class XII,Mizoram,Mizoram Board of School Education,Boys,,5492,4809,87.56
2021,Class XII,Mizoram,Mizoram Board of School Education,Girls,,5999,5389,89.83
2021,Class XII,Mizoram,Mizoram Board of School Education,Total,,11491,10198,88.75
2021,Class XII,Nagaland,Nagaland Board of School Education,Boys,,8195,5514,67.28
2021,Class XII,Nagaland,Nagaland Board of School Education,Girls,,8639,6781,78.49
2021,Class XII,Nagaland,Nagaland Board of School Education,Total,,16834,12295,73.04
2021,Class XII,New Delhi,Rashtriya Sanskrit Sansthan New Delhi,Boys,,902,900,99.78
2021,Class XII,New Delhi,Rashtriya Sanskrit Sansthan New Delhi,Girls,,573,573,100.0
2021,Class XII,New Delhi,Rashtriya Sanskrit Sansthan New Delhi,Total,,1475,1473,99.86
2021,Class XII,Odisha,"Council of Higher Secondary Education, Odisha",Boys,,167738,153295,91.39
2021,Class XII,Odisha,"Council of Higher Secondary Education, Odisha",Girls,,171756,162855,94.82
2021,Class XII,Odisha,"Council of Higher Secondary Education, Odisha",Total,,339494,316150,93.12
2021,Class XII,Punjab,Punjab School Education Board,Boys,,159885,158696,99.26
2021,Class XII,Punjab,Punjab School Education Board,Girls,,135603,134813,99.42
2021,Class XII,Punjab,Punjab School Education Board,Total,,295488,293509,99.33
2021,Class XII,Rajasthan,"Board of Secondary Education, Rajasthan",Boys,,491534,483918,98.45
2021,Class XII,Rajasthan,"Board of Secondary Education, Rajasthan",Girls,,385257,383811,99.62
2021,Class XII,Rajasthan,"Board of Secondary Education, Rajasthan",Total,,876791,867729,98.97
2021,Class XII,Rajasthan,"Banasthali Vidyapith , Rajasthan #",Boys,,14,14,100.0
2021,Class XII,Rajasthan,"Banasthali Vidyapith , Rajasthan #",Girls,,857,857,100.0
2021,Class XII,Rajasthan,"Banasthali Vidyapith , Rajasthan #",Total,,871,871,100.0
2021,Class XII,Tamil Nadu,State Board of School Educaiton Tamil Nadu,Boys,,412503,384799,93.28
2021,Class XII,Tamil Nadu,State Board of School Educaiton Tamil Nadu,Girls,,449611,438389,97.5
2021,Class XII,Tamil Nadu,State Board of School Educaiton Tamil Nadu,Total,,862114,823188,95.48
2021,Class XII,Telangana,Telangana State Board of Intermediate Education,Boys,,236420,236420,100.0
2021,Class XII,Telangana,Telangana State Board of Intermediate Education,Girls,,237484,237484,100.0
2021,Class XII,Telangana,Telangana State Board of Intermediate Education,Total,,473904,473904,100.0
2021,Class XII,Tripura,Tripura Board of Secondary Education,Boys,,11868,11868,100.0
2021,Class XII,Tripura,Tripura Board of Secondary Education,Girls,,12409,12409,100.0
2021,Class XII,Tripura,Tripura Board of Secondary Education,Total,,24277,24277,100.0
2021,Class XII,Uttar Pradesh,Madhyamik Shiksha Parishad Uttar Pradesh,Boys,,1465364,1437036,98.07
2021,Class XII,Uttar Pradesh,Madhyamik Shiksha Parishad Uttar Pradesh,Girls,,1130518,1117722,98.87
2021,Class XII,Uttar Pradesh,Madhyamik Shiksha Parishad Uttar Pradesh,Total,,2595882,2554758,98.42
2021,Class XII,Uttar Pradesh,Aligarh Muslim University Board of Secondary & Sr.Secondary Education,Boys,,1720,1711,99.48
2021,Class XII,Uttar Pradesh,Aligarh Muslim University Board of Secondary & Sr.Secondary Education,Girls,,1278,1274,99.69
2021,Class XII,Uttar Pradesh,Aligarh Muslim University Board of Secondary & Sr.Secondary Education,Total,,2998,2985,99.57
2021,Class XII,Uttar Pradesh,U.P. Dayalbag Education Institute,Boys,,189,189,100.0
2021,Class XII,Uttar Pradesh,U.P. Dayalbag Education Institute,Girls,,235,233,99.15
2021,Class XII,Uttar Pradesh,U.P. Dayalbag Education Institute,Total,,424,422,99.53
2021,Class XII,Uttar Pradesh,UP Board of Secondary Sanskrit Education,Boys,,12852,12699,98.81
2021,Class XII,Uttar Pradesh,UP Board of Secondary Sanskrit Education,Girls,,5016,4958,98.84
2021,Class XII,Uttar Pradesh,UP Board of Secondary Sanskrit Education,Total,,17868,17657,98.82
2021,Class XII,Uttarakhand,Uttarakhand Board of School Education,Boys,,59548,59268,99.53
2021,Class XII,Uttarakhand,Uttarakhand Board of School Education,Girls,,62157,62021,99.78
2021,Class XII,Uttarakhand,Uttarakhand Board of School Education,Total,,121705,121289,99.66
2021,Class XII,Uttarakhand,Uttarakhand Sanskriti Shiksha Parishad,Boys,,820,820,100.0
2021,Class XII,Uttarakhand,Uttarakhand Sanskriti Shiksha Parishad,Girls,,53,53,100.0
2021,Class XII,Uttarakhand,Uttarakhand Sanskriti Shiksha Parishad,Total,,873,873,100.0
2021,Class XII,West Bengal,West Bengal council of Higher Secondary Education,Boys,,371364,371364,100.0
2021,Class XII,West Bengal,West Bengal council of Higher Secondary Education,Girls,,448953,448953,100.0
2021,Class XII,West Bengal,West Bengal council of Higher Secondary Education,Total,,820317,820317,100.0
2021,Class XII,West Bengal,West Bengal Board of Madrasah Education,Boys,,2788,2788,100.0
2021,Class XII,West Bengal,West Bengal Board of Madrasah Education,Girls,,2789,2789,100.0
2021,Class XII,West Bengal,West Bengal Board of Madrasah Education,Total,,5577,5577,100.0
2022,Class X,Central,"Central Board of Secondary Education, New Delhi",Boys,1216581,1206578,1131793,93.8
2022,Class X,Central,"Central Board of Secondary Education, New Delhi",Girls,892607,887380,844857,95.21
2022,Class X,Central,"Central Board of Secondary Education, New Delhi",Total,2109188,2093958,1976650,94.4
2022,Class X,Central,"Council for the Indian School Certificate Examinations,New Delhi",Boys,126001,125677,125636,99.97
2022,Class X,Central,"Council for the Indian School Certificate Examinations,New Delhi",Girls,105452,105385,105369,99.98
2022,Class X,Central,"Council for the Indian School Certificate Examinations,New Delhi",Total,231453,231062,231005,99.98
2022,Class X,Andhra Pradesh,"Andhra Pradesh, Board of Secondary Education",Boys,319371,316913,274129,86.5
2022,Class X,Andhra Pradesh,"Andhra Pradesh, Board of Secondary Education",Girls,301626,299200,272043,90.92
2022,Class X,Andhra Pradesh,"Andhra Pradesh, Board of Secondary Education",Total,620997,616113,546172,88.65
2022,Class X,Assam,Assam Board of Secondary Education,Boys,199378,192440,118847,61.76
2022,Class X,Assam,Assam Board of Secondary Education,Girls,231754,223596,129126,57.75
2022,Class X,Assam,Assam Board of Secondary Education,Total,431132,416036,247973,59.6
2022,Class X,Assam,"State Madrassa Education Board, Assam",Boys,2167,2167,1555,71.76
2022,Class X,Assam,"State Madrassa Education Board, Assam",Girls,2567,2567,1708,66.54
2022,Class X,Assam,"State Madrassa Education Board, Assam",Total,4734,4734,3263,68.93
2022,Class X,Bihar,"Bihar School Examinaiton Board, Patna",Boys,882339,816428,659200,80.74
2022,Class X,Bihar,"Bihar School Examinaiton Board, Patna",Girls,867308,791517,599863,75.79
2022,Class X,Bihar,"Bihar School Examinaiton Board, Patna",Total,1749647,1607945,1259063,78.3
2022,Class X,Bihar,"Bihar State Madrasa Education Board, Vidyapati Marg, Patna",Boys,19458,19203,17866,93.04
2022,Class X,Bihar,"Bihar State Madrasa Education Board, Vidyapati Marg, Patna",Girls,36079,35951,34898,97.07
2022,Class X,Bihar,"Bihar State Madrasa Education Board, Vidyapati Marg, Patna",Total,55537,55154,52764,95.67
2022,Class X,Bihar,Bihar Sanskrit Shiksha Board Patna,Boys,7459,7459,5474,73.39
2022,Class X,Bihar,Bihar Sanskrit Shiksha Board Patna,Girls,8468,8468,6121,72.28
2022,Class X,Bihar,Bihar Sanskrit Shiksha Board Patna,Total,15927,15927,11595,72.8
2022,Class X,Chhattisgarh,Chhattisgarh Board of Secondary Education,Boys,179675,171424,122559,71.49
2022,Class X,Chhattisgarh,Chhattisgarh Board of Secondary Education,Girls,196019,191752,155350,81.02
2022,Class X,Chhattisgarh,Chhattisgarh Board of Secondary Education,Total,375694,363176,277909,76.52
2022,Class X,Chhattisgarh,"Chhattisgarh Madarsa Board, Raipur",Boys,70,63,60,95.24
2022,Class X,Chhattisgarh,"Chhattisgarh Madarsa Board, Raipur",Girls,62,60,55,91.67
2022,Class X,Chhattisgarh,"Chhattisgarh Madarsa Board, Raipur",Total,132,123,115,93.5
2022,Class X,Chhattisgarh,"Chhatisgarh Sanskriti Vidya Mandalam, Raipur",Boys,429,399,393,98.5
2022,Class X,Chhattisgarh,"Chhatisgarh Sanskriti Vidya Mandalam, Raipur",Girls,304,278,276,99.28
2022,Class X,Chhattisgarh,"Chhatisgarh Sanskriti Vidya Mandalam, Raipur",Total,733,677,669,98.82
2022,Class X,Goa,Goa Board of Secondary & Higher Secondary Education,Boys,10573,10545,9773,92.68
2022,Class X,Goa,Goa Board of Secondary & Higher Secondary Education,Girls,10078,10048,9579,95.33
2022,Class X,Goa,Goa Board of Secondary & Higher Secondary Education,Total,20651,20593,19352,93.97
2022,Class X,Gujarat,Gujarat Secondary & Higher Secondary Education Board,Boys,432375,427225,269941,63.18
2022,Class X,Gujarat,Gujarat Secondary & Higher Secondary Education Board,Girls,353083,347597,259254,74.58
2022,Class X,Gujarat,Gujarat Secondary & Higher Secondary Education Board,Total,785458,774822,529195,68.3
2022,Class X,Haryana,Board of School Education Haryana,Boys,182640,175851,124760,70.95
2022,Class X,Haryana,Board of School Education Haryana,Girls,153805,151027,115634,76.57
2022,Class X,Haryana,Board of School Education Haryana,Total,336445,326878,240394,73.54
2022,Class X,Himachal Pradesh,Himachal Pradesh Board of School Education,Boys,46914,46549,39570,85.01
2022,Class X,Himachal Pradesh,Himachal Pradesh Board of School Education,Girls,43271,43006,39038,90.77
2022,Class X,Himachal Pradesh,Himachal Pradesh Board of School Education,Total,90185,89555,78608,87.78
2022,Class X,Jammu and Kashmir,Jammu and Kashmir State Board of School Education,Boys,49614,49614,29220,58.89
2022,Class X,Jammu and Kashmir,Jammu and Kashmir State Board of School Education,Girls,37644,37644,24917,66.19
2022,Class X,Jammu and Kashmir,Jammu and Kashmir State Board of School Education,Total,87258,87258,54137,62.04
2022,Class X,Jharkhand,"Jharkhand Academic Council, Ranchi",Boys,187742,183598,176014,95.87
2022,Class X,Jharkhand,"Jharkhand Academic Council, Ranchi",Girls,212178,207510,198599,95.71
2022,Class X,Jharkhand,"Jharkhand Academic Council, Ranchi",Total,399920,391108,374613,95.78
2022,Class X,Karnataka,"Karnataka, Secondary Education Examination Board",Boys,516194,504477,383389,76.0
2022,Class X,Karnataka,"Karnataka, Secondary Education Examination Board",Girls,452485,443627,386661,87.16
2022,Class X,Karnataka,"Karnataka, Secondary Education Examination Board",Total,968679,948104,770050,81.22
2022,Class X,Kerala,Kerala Board of Public Examination,Boys,219212,218870,218436,99.8
2022,Class X,Kerala,Kerala Board of Public Examination,Girls,208196,208008,207793,99.9
2022,Class X,Kerala,Kerala Board of Public Examination,Total,427408,426878,426229,99.85
2022,Class X,Madhya Pradesh,Board of Secondary Education Madhya Pradesh,Boys,569570,545458,317353,58.18
2022,Class X,Madhya Pradesh,Board of Secondary Education Madhya Pradesh,Girls,497404,484660,314726,64.94
2022,Class X,Madhya Pradesh,Board of Secondary Education Madhya Pradesh,Total,1066974,1030118,632079,61.36
2022,Class X,Madhya Pradesh,"Maharshi Patanjali Sanskrit Sansthan,Bhopal(Madhya Pradesh)",Boys,2336,2204,1553,70.46
2022,Class X,Madhya Pradesh,"Maharshi Patanjali Sanskrit Sansthan,Bhopal(Madhya Pradesh)",Girls,1068,1022,706,69.08
2022,Class X,Madhya Pradesh,"Maharshi Patanjali Sanskrit Sansthan,Bhopal(Madhya Pradesh)",Total,3404,3226,2259,70.02
2022,Class X,Maharashtra,Maharashtra State Board of Secondary & Higher Secondary Education,Boys,887369,877090,842403,96.05
2022,Class X,Maharashtra,Maharashtra State Board of Secondary & Higher Secondary Education,Girls,747495,740256,725808,98.05
2022,Class X,Maharashtra,Maharashtra State Board of Secondary & Higher Secondary Education,Total,1634864,1617346,1568211,96.96
2022,Class X,Manipur,"Board of Secondary Education, Manipur",Boys,20410,20087,15238,75.86
2022,Class X,Manipur,"Board of Secondary Education, Manipur",Girls,19354,19146,14577,76.14
2022,Class X,Manipur,"Board of Secondary Education, Manipur",Total,39764,39233,29815,75.99
2022,Class X,Meghalaya,Meghalaya Board of School Education,Boys,25369,24681,13444,54.47
2022,Class X,Meghalaya,Meghalaya Board of School Education,Girls,33297,32683,19245,58.88
2022,Class X,Meghalaya,Meghalaya Board of School Education,Total,58666,57364,32689,56.99
2022,Class X,Mizoram,Mizoram Board of School Education,Boys,8724,8263,5975,72.31
2022,Class X,Mizoram,Mizoram Board of School Education,Girls,9633,9233,6467,70.04
2022,Class X,Mizoram,Mizoram Board of School Education,Total,18357,17496,12442,71.11
2022,Class X,Nagaland,Nagaland Board of School Education,Boys,14436,13661,8699,63.68
2022,Class X,Nagaland,Nagaland Board of School Education,Girls,15865,15277,10023,65.61
2022,Class X,Nagaland,Nagaland Board of School Education,Total,30301,28938,18722,64.7
2022,Class X,New Delhi,Rashtriya Sanskrit Sansthan New delhi,Boys,439,378,358,94.71
2022,Class X,New Delhi,Rashtriya Sanskrit Sansthan New delhi,Girls,242,207,196,94.69
2022,Class X,New Delhi,Rashtriya Sanskrit Sansthan New delhi,Total,681,585,554,94.7
2022,Class X,Odisha,"Board of Secondary Education, Odisha",Boys,289379,262513,256893,97.86
2022,Class X,Odisha,"Board of Secondary Education, Odisha",Girls,282530,264305,260981,98.74
2022,Class X,Odisha,"Board of Secondary Education, Odisha",Total,571909,526818,517874,98.3
2022,Class X,Punjab,Punjab School Education Board,Boys,183892,180504,175235,97.08
2022,Class X,Punjab,Punjab School Education Board,Girls,148776,146403,144501,98.7
2022,Class X,Punjab,Punjab School Education Board,Total,332668,326907,319736,97.81
2022,Class X,Rajasthan,"Board of Secondary Education, Rajasthan",Boys,595167,572855,468392,81.76
2022,Class X,Rajasthan,"Board of Secondary Education, Rajasthan",Girls,497357,486295,410973,84.51
2022,Class X,Rajasthan,"Board of Secondary Education, Rajasthan",Total,1092524,1059150,879365,83.03
2022,Class X,Rajasthan,"Banasthali Vidyapith , Rajasthan#",Boys,17,17,17,100.0
2022,Class X,Rajasthan,"Banasthali Vidyapith , Rajasthan#",Girls,491,491,491,100.0
2022,Class X,Rajasthan,"Banasthali Vidyapith , Rajasthan#",Total,508,508,508,100.0
2022,Class X,Tamil Nadu,State Board of School Educaiton Tamil Nadu,Boys,570389,543890,415784,76.45
2022,Class X,Tamil Nadu,State Board of School Educaiton Tamil Nadu,Girls,509169,493147,439689,89.16
2022,Class X,Tamil Nadu,State Board of School Educaiton Tamil Nadu,Total,1079558,1037037,855473,82.49
2022,Class X,Telangana,"Directorate of Government Examination, Telangana State",Boys,258116,255876,247814,96.85
2022,Class X,Telangana,"Directorate of Government Examination, Telangana State",Girls,251191,248522,244259,98.28
2022,Class X,Telangana,"Directorate of Government Examination, Telangana State",Total,509307,504398,492073,97.56
2022,Class X,Tripura,Tripura Board of Secondary Education,Boys,25530,20534,18778,91.45
2022,Class X,Tripura,Tripura Board of Secondary Education,Girls,26762,22263,20201,90.74
2022,Class X,Tripura,Tripura Board of Secondary Education,Total,52292,42797,38979,91.08
2022,Class X,Uttar Pradesh,Madhyamik Shiksha Parishad Uttar Pradesh,Boys,1552666,1371859,1169571,85.25
2022,Class X,Uttar Pradesh,Madhyamik Shiksha Parishad Uttar Pradesh,Girls,1228979,1148772,1053297,91.69
2022,Class X,Uttar Pradesh,Madhyamik Shiksha Parishad Uttar Pradesh,Total,2781645,2520631,2222868,88.19
2022,Class X,Uttar Pradesh,U.P. Dayalbag Education Institute,Boys,90,90,90,100.0
2022,Class X,Uttar Pradesh,U.P. Dayalbag Education Institute,Girls,142,140,140,100.0
2022,Class X,Uttar Pradesh,U.P. Dayalbag Education Institute,Total,232,230,230,100.0
2022,Class X,Uttar Pradesh,UP Board of Secondary Sanskrit Education,Boys,16161,12152,10621,87.4
2022,Class X,Uttar Pradesh,UP Board of Secondary Sanskrit Education,Girls,5316,3925,3478,88.61
2022,Class X,Uttar Pradesh,UP Board of Secondary Sanskrit Education,Total,21477,16077,14099,87.7
2022,Class X,Uttar Pradesh,Aligarh Muslim University Board of Secondary & Sr.Secondary Education,Boys,911,911,904,99.23
2022,Class X,Uttar Pradesh,Aligarh Muslim University Board of Secondary & Sr.Secondary Education,Girls,707,707,705,99.72
2022,Class X,Uttar Pradesh,Aligarh Muslim University Board of Secondary & Sr.Secondary Education,Total,1618,1618,1609,99.44
2022,Class X,Uttarakhand,Uttarakhand Board of School Education,Boys,66274,65098,46302,71.13
2022,Class X,Uttarakhand,Uttarakhand Board of School Education,Girls,63504,62797,52790,84.06
2022,Class X,Uttarakhand,Uttarakhand Board of School Education,Total,129778,127895,99092,77.48
2022,Class X,Uttarakhand,Uttarakhand Sanskriti Shiksha Parishad,Boys,632,632,565,89.4
2022,Class X,Uttarakhand,Uttarakhand Sanskriti Shiksha Parishad,Girls,70,70,54,77.14
2022,Class X,Uttarakhand,Uttarakhand Sanskriti Shiksha Parishad,Total,702,702,619,88.18
2022,Class X,West Bengal,West Bengal Board of Secondary Education**,Boys,500331,488907,432644,88.49
2022,Class X,West Bengal,West Bengal Board of Secondary Education**,Girls,627471,609868,517291,84.82
2022,Class X,West Bengal,West Bengal Board of Secondary Education**,Total,1127802,1098775,949935,86.45
2022,Class X,West Bengal,West Bengal Board of Madrasah Education,Boys,26461,23730,21083,88.85
2022,Class X,West Bengal,West Bengal Board of Madrasah Education,Girls,49345,44984,38905,86.49
2022,Class X,West Bengal,West Bengal Board of Madrasah Education,Total,75806,68714,59988,87.3
2022,Class XII,Central,"Central Board of Secondary Education, New Delhi",Boys,807711,801514,731395,91.25
2022,Class XII,Central,"Central Board of Secondary Education, New Delhi",Girls,636630,633852,599267,94.54
2022,Class XII,Central,"Central Board of Secondary Education, New Delhi",Total,1444341,1435366,1330662,92.71
2022,Class XII,Central,"Council for the Indian School Certificate Examinations,New Delhi",Boys,51224,51142,50761,99.26
2022,Class XII,Central,"Council for the Indian School Certificate Examinations,New Delhi",Girls,45839,45798,45579,99.52
2022,Class XII,Central,"Council for the Indian School Certificate Examinations,New Delhi",Total,97063,96940,96340,99.38
2022,Class XII,Andhra Pradesh,"Andhra Pradesh, Board of Intermediate Education",Boys,246728,246728,157523,63.84
2022,Class XII,Andhra Pradesh,"Andhra Pradesh, Board of Intermediate Education",Girls,242848,242848,181212,74.62
2022,Class XII,Andhra Pradesh,"Andhra Pradesh, Board of Intermediate Education",Total,489576,489576,338735,69.19
2022,Class XII,Assam,Assam Higher Secondary Education Council,Boys,115679,101009,84723,83.88
2022,Class XII,Assam,Assam Higher Secondary Education Council,Girls,119809,104616,90525,86.53
2022,Class XII,Assam,Assam Higher Secondary Education Council,Total,235488,205625,175248,85.23
2022,Class XII,Bihar,"Bihar School Examination Board, Patna",Boys,689460,630048,502853,79.81
2022,Class XII,Bihar,"Bihar School Examination Board, Patna",Girls,649907,605425,507028,83.75
2022,Class XII,Bihar,"Bihar School Examination Board, Patna",Total,1339367,1235473,1009881,81.74
2022,Class XII,Bihar,"Bihar State Madrasa Education Board, Patna",Boys,13063,12659,12460,98.43
2022,Class XII,Bihar,"Bihar State Madrasa Education Board, Patna",Girls,25687,25331,25044,98.87
2022,Class XII,Bihar,"Bihar State Madrasa Education Board, Patna",Total,38750,37990,37504,98.72
2022,Class XII,Chhattisgarh,Chhattisgarh Board of Secondary Education,Boys,132271,129099,106823,82.75
2022,Class XII,Chhattisgarh,Chhattisgarh Board of Secondary Education,Girls,160340,158396,137645,86.9
2022,Class XII,Chhattisgarh,Chhattisgarh Board of Secondary Education,Total,292611,287495,244468,85.03
2022,Class XII,Chhattisgarh,"Chhattisgarh Madarsa Board, Raipur",Boys,80,68,62,91.18
2022,Class XII,Chhattisgarh,"Chhattisgarh Madarsa Board, Raipur",Girls,41,34,34,100.0
2022,Class XII,Chhattisgarh,"Chhattisgarh Madarsa Board, Raipur",Total,121,102,96,94.12
2022,Class XII,Chhattisgarh,"Chhatisgarh Sanskriti Vidya Mandalam, Raipur",Boys,434,434,434,100.0
2022,Class XII,Chhattisgarh,"Chhatisgarh Sanskriti Vidya Mandalam, Raipur",Girls,267,267,267,100.0
2022,Class XII,Chhattisgarh,"Chhatisgarh Sanskriti Vidya Mandalam, Raipur",Total,701,701,701,100.0
2022,Class XII,Goa,Goa Board of Secondary & Higher Secondary Education,Boys,8957,8935,8356,93.52
2022,Class XII,Goa,Goa Board of Secondary & Higher Secondary Education,Girls,9313,9286,8943,96.31
2022,Class XII,Goa,Goa Board of Secondary & Higher Secondary Education,Total,18270,18221,17299,94.94
2022,Class XII,Gujarat,Gujarat Secondary & Higher Secondary Education Board,Boys,240019,237596,200594,84.43
2022,Class XII,Gujarat,Gujarat Secondary & Higher Secondary Education Board,Girls,217828,215507,192154,89.16
2022,Class XII,Gujarat,Gujarat Secondary & Higher Secondary Education Board,Total,457847,453103,392748,86.68
2022,Class XII,Haryana,Board of School Education Haryana,Boys,132820,131170,110028,83.88
2022,Class XII,Haryana,Board of School Education Haryana,Girls,118627,117928,106887,90.64
2022,Class XII,Haryana,Board of School Education Haryana,Total,251447,249098,216915,87.08
2022,Class XII,Himachal Pradesh,H.P. Board of School Education,Boys,44722,44535,41304,92.75
2022,Class XII,Himachal Pradesh,H.P. Board of School Education,Girls,43149,43027,41042,95.39
2022,Class XII,Himachal Pradesh,H.P. Board of School Education,Total,87871,87562,82346,94.04
2022,Class XII,Jammu and Kashmir,The Jammu & Kashmir State Board of School Education,Boys,97444,97444,67073,68.83
2022,Class XII,Jammu and Kashmir,The Jammu & Kashmir State Board of School Education,Girls,81566,81566,60591,74.28
2022,Class XII,Jammu and Kashmir,The Jammu & Kashmir State Board of School Education,Total,179010,179010,127664,71.32
2022,Class XII,Jharkhand,"Jharkhand Academic Council, Ranchi",Boys,135308,130919,124766,95.3
2022,Class XII,Jharkhand,"Jharkhand Academic Council, Ranchi",Girls,146127,142142,137955,97.05
2022,Class XII,Jharkhand,"Jharkhand Academic Council, Ranchi",Total,281435,273061,262721,96.21
2022,Class XII,Karnataka,"Department of Pre-University Education, Karnataka",Boys,307993,307574,215184,69.96
2022,Class XII,Karnataka,"Department of Pre-University Education, Karnataka",Girls,314518,314160,250804,79.83
2022,Class XII,Karnataka,"Department of Pre-University Education, Karnataka",Total,622511,621734,465988,74.95
2022,Class XII,Kerala,Kerala Higher Secondary Board,Boys,203522,200740,154652,77.04
2022,Class XII,Kerala,Kerala Higher Secondary Board,Girls,207979,206755,186328,90.12
2022,Class XII,Kerala,Kerala Higher Secondary Board,Total,411501,407495,340980,83.68
2022,Class XII,Kerala,"State Board of Vocational Higher Secondary, Kerala",Boys,18492,18332,14241,77.68
2022,Class XII,Kerala,"State Board of Vocational Higher Secondary, Kerala",Girls,11655,11574,10076,87.06
2022,Class XII,Kerala,"State Board of Vocational Higher Secondary, Kerala",Total,30147,29906,24317,81.31
2022,Class XII,Madhya Pradesh,"Board of Secondary Education, Madhya Pradesh",Boys,372221,362449,272657,75.23
2022,Class XII,Madhya Pradesh,"Board of Secondary Education, Madhya Pradesh",Girls,340957,335297,274350,81.82
2022,Class XII,Madhya Pradesh,"Board of Secondary Education, Madhya Pradesh",Total,713178,697746,547007,78.4
2022,Class XII,Madhya Pradesh,"Maharshi Patanjali Sanskrit Sansthan,Bhopal(Madhya Pradesh)",Boys,2262,2041,1670,81.82
2022,Class XII,Madhya Pradesh,"Maharshi Patanjali Sanskrit Sansthan,Bhopal(Madhya Pradesh)",Girls,1015,880,738,83.86
2022,Class XII,Madhya Pradesh,"Maharshi Patanjali Sanskrit Sansthan,Bhopal(Madhya Pradesh)",Total,3277,2921,2408,82.44
2022,Class XII,Maharashtra,Maharashtra State Board of Secondary & Higher Secondary Education,Boys,813232,807927,754662,93.41
2022,Class XII,Maharashtra,Maharashtra State Board of Secondary & Higher Secondary Education,Girls,666456,661677,633665,95.77
2022,Class XII,Maharashtra,Maharashtra State Board of Secondary & Higher Secondary Education,Total,1479688,1469604,1388327,94.47
2022,Class XII,Manipur,"Council of Higher Secondary Education, Manipur",Boys,14738,14276,13489,94.49
2022,Class XII,Manipur,"Council of Higher Secondary Education, Manipur",Girls,14255,13877,13398,96.55
2022,Class XII,Manipur,"Council of Higher Secondary Education, Manipur",Total,28993,28153,26887,95.5
2022,Class XII,Meghalaya,Meghalaya Board of School Education,Boys,12406,12186,9446,77.52
2022,Class XII,Meghalaya,Meghalaya Board of School Education,Girls,15258,15099,12636,83.69
2022,Class XII,Meghalaya,Meghalaya Board of School Education,Total,27664,27285,22082,80.93
2022,Class XII,Mizoram,Mizoram Board of School Education,Boys,5803,5616,4622,82.3
2022,Class XII,Mizoram,Mizoram Board of School Education,Girls,6498,6334,5221,82.43
2022,Class XII,Mizoram,Mizoram Board of School Education,Total,12301,11950,9843,82.37
2022,Class XII,Nagaland,Nagaland Board of School Education,Boys,8258,8133,6196,76.18
2022,Class XII,Nagaland,Nagaland Board of School Education,Girls,9074,8987,7793,86.71
2022,Class XII,Nagaland,Nagaland Board of School Education,Total,17332,17120,13989,81.71
2022,Class XII,New Delhi,Rashtriya Sanskrit Sansthan New Delhi,Boys,969,877,817,93.16
2022,Class XII,New Delhi,Rashtriya Sanskrit Sansthan New Delhi,Girls,537,501,473,94.41
2022,Class XII,New Delhi,Rashtriya Sanskrit Sansthan New Delhi,Total,1506,1378,1290,93.61
2022,Class XII,Odisha,"Council of Higher Secondary Education, Odisha",Boys,142948,140897,119579,84.87
2022,Class XII,Odisha,"Council of Higher Secondary Education, Odisha",Girls,158699,156848,143618,91.57
2022,Class XII,Odisha,"Council of Higher Secondary Education, Odisha",Total,301647,297745,263197,88.4
2022,Class XII,Punjab,Punjab School Education Board,Boys,176559,174191,168290,96.61
2022,Class XII,Punjab,Punjab School Education Board,Girls,143083,142101,139418,98.11
2022,Class XII,Punjab,Punjab School Education Board,Total,319642,316292,307708,97.29
2022,Class XII,Rajasthan,"Board of Secondary Education, Rajasthan",Boys,494607,485080,464948,95.85
2022,Class XII,Rajasthan,"Board of Secondary Education, Rajasthan",Girls,417118,412434,401983,97.47
2022,Class XII,Rajasthan,"Board of Secondary Education, Rajasthan",Total,911725,897514,866931,96.59
2022,Class XII,Rajasthan,"Banasthali Vidyapith , Rajasthan#",Boys,12,12,12,100.0
2022,Class XII,Rajasthan,"Banasthali Vidyapith , Rajasthan#",Girls,934,934,933,99.89
2022,Class XII,Rajasthan,"Banasthali Vidyapith , Rajasthan#",Total,946,946,945,99.89
2022,Class XII,Tamil Nadu,State Board of School Educaiton Tamil Nadu,Boys,452564,436112,365330,83.77
2022,Class XII,Tamil Nadu,State Board of School Educaiton Tamil Nadu,Girls,465619,446950,414469,92.73
2022,Class XII,Tamil Nadu,State Board of School Educaiton Tamil Nadu,Total,918183,883062,779799,88.31
2022,Class XII,Telangana,Telangana State Board of Intermediate Education,Boys,236166,224101,167033,74.53
2022,Class XII,Telangana,Telangana State Board of Intermediate Education,Girls,231643,219810,187163,85.15
2022,Class XII,Telangana,Telangana State Board of Intermediate Education,Total,467809,443911,354196,79.79
2022,Class XII,Tripura,Tripura Board of Secondary Education,Boys,17560,13954,13617,97.58
2022,Class XII,Tripura,Tripura Board of Secondary Education,Girls,18248,14703,14348,97.59
2022,Class XII,Tripura,Tripura Board of Secondary Education,Total,35808,28657,27965,97.59
2022,Class XII,Tripura,Madhyamik Shiksha Parishad Uttar Pradesh,Boys,1323956,1207451,987185,81.76
2022,Class XII,Tripura,Madhyamik Shiksha Parishad Uttar Pradesh,Girls,1087015,1030127,936978,90.96
2022,Class XII,Tripura,Madhyamik Shiksha Parishad Uttar Pradesh,Total,2410971,2237578,1924163,85.99
2022,Class XII,Uttar Pradesh,Aligarh Muslim University Board of Secondary & Sr.Secondary Education,Boys,1564,1564,1547,98.91
2022,Class XII,Uttar Pradesh,Aligarh Muslim University Board of Secondary & Sr.Secondary Education,Girls,1183,1183,1180,99.75
2022,Class XII,Uttar Pradesh,Aligarh Muslim University Board of Secondary & Sr.Secondary Education,Total,2747,2747,2727,99.27
2022,Class XII,Uttar Pradesh,U.P. Dayalbag Education Institute,Boys,139,139,139,100.0
2022,Class XII,Uttar Pradesh,U.P. Dayalbag Education Institute,Girls,199,199,199,100.0
2022,Class XII,Uttar Pradesh,U.P. Dayalbag Education Institute,Total,338,338,338,100.0
2022,Class XII,Uttar Pradesh,UP Board of Secondary Sanskrit Education,Boys,13211,12641,9618,76.09
2022,Class XII,Uttar Pradesh,UP Board of Secondary Sanskrit Education,Girls,4358,4195,3245,77.35
2022,Class XII,Uttar Pradesh,UP Board of Secondary Sanskrit Education,Total,17569,16836,12863,76.4
2022,Class XII,Uttarakhand,Uttarakhand Board of School Education,Boys,55286,54388,43374,79.75
2022,Class XII,Uttarakhand,Uttarakhand Board of School Education,Girls,57878,57300,48925,85.38
2022,Class XII,Uttarakhand,Uttarakhand Board of School Education,Total,113164,111688,92299,82.64
2022,Class XII,Uttarakhand,Uttarakhand Sanskriti Shiksha Parishad,Boys,779,768,733,95.44
2022,Class XII,Uttarakhand,Uttarakhand Sanskriti Shiksha Parishad,Girls,65,61,60,98.36
2022,Class XII,Uttarakhand,Uttarakhand Sanskriti Shiksha Parishad,Total,844,829,793,95.66
2022,Class XII,West Bengal,West Bengal council of Higher Secondary Education,Boys,337447,327992,300284,91.55
2022,Class XII,West Bengal,West Bengal council of Higher Secondary Education,Girls,408269,393523,350413,89.05
2022,Class XII,West Bengal,West Bengal council of Higher Secondary Education,Total,745716,721515,650697,90.18
2022,Class XII,West Bengal,West Bengal Board of Madrasah Education,Boys,2761,2614,2476,94.72
2022,Class XII,West Bengal,West Bengal Board of Madrasah Education,Girls,2819,2420,2092,86.45
2022,Class XII,West Bengal,West Bengal Board of Madrasah Education,Total,5580,5034,4568,90.74
2024,Class X,Central,"Central Board of Secondary Education, New Delhi",Boys,1272306,1263934,1171804,92.71
2024,Class X,Central,"Central Board of Secondary Education, New Delhi",Girls,979506,974893,923663,94.75
2024,Class X,Central,"Central Board of Secondary Education, New Delhi",Total,2251812,2238827,2095467,93.6
2024,Class X,Central,"Council for the Indian School Certificate Examinations, New Delhi",Boys,131034,130507,129914,99.55
2024,Class X,Central,"Council for the Indian School Certificate Examinations, New Delhi",Girls,113373,113110,112885,99.8
2024,Class X,Central,"Council for the Indian School Certificate Examinations, New Delhi",Total,244407,243617,242799,99.66
2024,Class X,Andhra Pradesh,"Andhra Pradesh, Board of Secondary Education",Boys,379461,372790,323788,86.86
2024,Class X,Andhra Pradesh,"Andhra Pradesh, Board of Secondary Education",Girls,345817,339841,307705,90.54
2024,Class X,Andhra Pradesh,"Andhra Pradesh, Board of Secondary Education",Total,725278,712631,631493,88.61
2024,Class X,Assam,"Board of Secondary Education, Assam",Boys,190957,187904,154978,82.48
2024,Class X,Assam,"Board of Secondary Education, Assam",Girls,235009,231173,183988,79.59
2024,Class X,Assam,"Board of Secondary Education, Assam",Total,425966,419077,338966,80.88
2024,Class X,Assam,"Bihar School Examination Board, Patna **",Boys,731032,731032,636779,87.11
2024,Class X,Assam,"Bihar School Examination Board, Patna **",Girls,767737,767737,647646,84.36
2024,Class X,Assam,"Bihar School Examination Board, Patna **",Total,1498769,1498769,1284425,85.7
2024,Class X,Bihar,"Bihar Sanskrit Shiksha Board, Patna",Boys,7295,7295,5965,81.77
2024,Class X,Bihar,"Bihar Sanskrit Shiksha Board, Patna",Girls,6657,6657,5762,86.56
2024,Class X,Bihar,"Bihar Sanskrit Shiksha Board, Patna",Total,13952,13952,11727,84.05
2024,Class X,Bihar,"Bihar State Madrasa Education Board, Vidyapati Marg, Patna",Boys,19384,18303,17619,96.26
2024,Class X,Bihar,"Bihar State Madrasa Education Board, Vidyapati Marg, Patna",Girls,42395,41540,40981,98.65
2024,Class X,Bihar,"Bihar State Madrasa Education Board, Vidyapati Marg, Patna",Total,61779,59843,58600,97.92
2024,Class X,Bihar,Chhattisgarh Board of Secondary Education,Boys,158415,154783,112670,72.79
2024,Class X,Bihar,Chhattisgarh Board of Secondary Education,Girls,187395,185430,150667,81.25
2024,Class X,Bihar,Chhattisgarh Board of Secondary Education,Total,345810,340213,263337,77.4
2024,Class X,Chhattisgarh,"Chhattisgarh Madarsa Board, Raipur",Boys,78,77,46,59.74
2024,Class X,Chhattisgarh,"Chhattisgarh Madarsa Board, Raipur",Girls,80,74,46,62.16
2024,Class X,Chhattisgarh,"Chhattisgarh Madarsa Board, Raipur",Total,158,151,92,60.93
2024,Class X,Chhattisgarh,"Chhattisgarh Sanskriti Vidya Mandalam, Raipur",Boys,509,509,455,89.39
2024,Class X,Chhattisgarh,"Chhattisgarh Sanskriti Vidya Mandalam, Raipur",Girls,292,292,263,90.07
2024,Class X,Chhattisgarh,"Chhattisgarh Sanskriti Vidya Mandalam, Raipur",Total,801,801,718,89.64
2024,Class X,Goa,Goa Board of Secondary & Higher Secondary Education,Boys,9724,9724,9011,92.67
2024,Class X,Goa,Goa Board of Secondary & Higher Secondary Education,Girls,9804,9804,9317,95.03
2024,Class X,Goa,Goa Board of Secondary & Higher Secondary Education,Total,19528,19528,18328,93.85
2024,Class X,Gujarat,Gujarat Secondary & Higher Secondary Education Board,Boys,389498,385869,311567,80.74
2024,Class X,Gujarat,Gujarat Secondary & Higher Secondary Education Board,Girls,323008,319071,281767,88.31
2024,Class X,Gujarat,Gujarat Secondary & Higher Secondary Education Board,Total,712506,704940,593334,84.17
2024,Class X,Haryana,Board of School Education Haryana,Boys,159990,157012,147586,94.0
2024,Class X,Haryana,Board of School Education Haryana,Girls,144942,142723,137090,96.05
2024,Class X,Haryana,Board of School Education Haryana,Total,304932,299735,284676,94.98
2024,Class X,Himachal Pradesh,Himachal Pradesh Board of School Education,Boys,46745,46473,33898,72.94
2024,Class X,Himachal Pradesh,Himachal Pradesh Board of School Education,Girls,44696,44490,34320,77.14
2024,Class X,Himachal Pradesh,Himachal Pradesh Board of School Education,Total,91441,90963,68218,75.0
2024,Class X,Jammu and Kashmir,Jammu and Kashmir Board of School Education,Boys,102755,102755,65712,63.95
2024,Class X,Jammu and Kashmir,Jammu and Kashmir Board of School Education,Girls,94330,94330,68119,72.21
2024,Class X,Jammu and Kashmir,Jammu and Kashmir Board of School Education,Total,197085,197085,133831,67.91
2024,Class X,Jharkhand,"Jharkhand Academic Council, Ranchi",Boys,217941,190790,172402,90.36
2024,Class X,Jharkhand,"Jharkhand Academic Council, Ranchi",Girls,236389,212423,194929,91.76
2024,Class X,Jharkhand,"Jharkhand Academic Council, Ranchi",Total,454330,403213,367331,91.1
2024,Class X,Karnataka,Karnataka School Examination And Assessment Board,Boys,449744,445572,336553,75.53
2024,Class X,Karnataka,Karnataka School Examination And Assessment Board,Girls,431674,428376,375907,87.75
2024,Class X,Karnataka,Karnataka School Examination And Assessment Board,Total,881418,873948,712460,81.52
2024,Class X,Kerala,Kerala Board For Public Examination,Boys,217536,217375,217273,99.95
2024,Class X,Kerala,Kerala Board For Public Examination,Girls,209617,209517,209455,99.97
2024,Class X,Kerala,Kerala Board For Public Examination,Total,427153,426892,426728,99.96
2024,Class X,Madhya Pradesh,"Board of Secondary Education Madhya Pradesh, Bhopal",Boys,515939,503265,275504,54.74
2024,Class X,Madhya Pradesh,"Board of Secondary Education Madhya Pradesh, Bhopal",Girls,476489,469905,301163,64.09
2024,Class X,Madhya Pradesh,"Board of Secondary Education Madhya Pradesh, Bhopal",Total,992428,973170,576667,59.26
2024,Class X,Madhya Pradesh,"Maharshi Patanjali Sanskrit Sansthan,Bhopal(Madhya Pradesh)",Boys,4172,3978,2872,72.2
2024,Class X,Madhya Pradesh,"Maharshi Patanjali Sanskrit Sansthan,Bhopal(Madhya Pradesh)",Girls,1642,1565,1144,73.1
2024,Class X,Madhya Pradesh,"Maharshi Patanjali Sanskrit Sansthan,Bhopal(Madhya Pradesh)",Total,5814,5543,4016,72.45
2024,Class X,Madhya Pradesh,"Maharshi Sandipani Rashtriya veda Sanskrit Shiksha Board, Ujjain",Boys,1043,1023,966,94.43
2024,Class X,Madhya Pradesh,"Maharshi Sandipani Rashtriya veda Sanskrit Shiksha Board, Ujjain",Girls,7,7,7,100.0
2024,Class X,Madhya Pradesh,"Maharshi Sandipani Rashtriya veda Sanskrit Shiksha Board, Ujjain",Total,1050,1030,973,94.47
2024,Class X,Maharashtra,Maharashtra State Board of Secondary & Higher Secondary Education,Boys,882332,874836,805475,92.07
2024,Class X,Maharashtra,Maharashtra State Board of Secondary & Higher Secondary Education,Girls,758891,753534,723924,96.07
2024,Class X,Maharashtra,Maharashtra State Board of Secondary & Higher Secondary Education,Total,1641223,1628370,1529399,93.92
2024,Class X,Manipur,"Board of Secondary Education, Manipur",Boys,19087,18995,18576,97.79
2024,Class X,Manipur,"Board of Secondary Education, Manipur",Girls,18628,18552,18148,97.82
2024,Class X,Manipur,"Board of Secondary Education, Manipur",Total,37715,37547,36724,97.81
2024,Class X,Meghalaya,Meghalaya Board of School Education,Boys,23233,22760,12648,55.57
2024,Class X,Meghalaya,Meghalaya Board of School Education,Girls,31929,31350,17553,55.99
2024,Class X,Meghalaya,Meghalaya Board of School Education,Total,55162,54110,30201,55.81
2024,Class X,Mizoram,Mizoram Board of School Education,Boys,8873,8654,6451,74.54
2024,Class X,Mizoram,Mizoram Board of School Education,Girls,10122,9907,7202,72.7
2024,Class X,Mizoram,Mizoram Board of School Education,Total,18995,18561,13653,73.56
2024,Class X,Nagaland,Nagaland Board of School Education,Boys,10392,10109,7134,70.57
2024,Class X,Nagaland,Nagaland Board of School Education,Girls,11822,11580,8455,73.01
2024,Class X,Nagaland,Nagaland Board of School Education,Total,22214,21689,15589,71.88
2024,Class X,New Delhi,Rashtriya Sanskrit Sansthan New delhi,Boys,405,367,315,85.83
2024,Class X,New Delhi,Rashtriya Sanskrit Sansthan New delhi,Girls,160,134,113,84.33
2024,Class X,New Delhi,Rashtriya Sanskrit Sansthan New delhi,Total,565,501,428,85.43
2024,Class X,New Delhi,Delhi Board of School Education (DBSE),Boys,1377,1377,1377,100.0
2024,Class X,New Delhi,Delhi Board of School Education (DBSE),Girls,1142,1142,1142,100.0
2024,Class X,New Delhi,Delhi Board of School Education (DBSE),Total,2519,2519,2519,100.0
2024,Class X,Odisha,"Board of Secondary Education, Odisha",Boys,275198,269045,262683,97.64
2024,Class X,Odisha,"Board of Secondary Education, Odisha",Girls,276783,272030,267900,98.48
2024,Class X,Odisha,"Board of Secondary Education, Odisha",Total,551981,541075,530583,98.06
2024,Class X,Punjab,Punjab School Education Board,Boys,157531,153877,147667,95.96
2024,Class X,Punjab,Punjab School Education Board,Girls,137499,134850,132050,97.92
2024,Class X,Punjab,Punjab School Education Board,Total,295030,288727,279717,96.88
2024,Class X,Rajasthan,"Board of Secondary Education, Rajasthan",Boys,562688,550087,516422,93.88
2024,Class X,Rajasthan,"Board of Secondary Education, Rajasthan",Girls,498064,489830,464177,94.76
2024,Class X,Rajasthan,"Board of Secondary Education, Rajasthan",Total,1060752,1039917,980599,94.3
2024,Class X,Rajasthan,"Banasthali Vidyapith , Rajasthan#",Boys,22,22,22,100.0
2024,Class X,Rajasthan,"Banasthali Vidyapith , Rajasthan#",Girls,504,504,501,99.4
2024,Class X,Rajasthan,"Banasthali Vidyapith , Rajasthan#",Total,526,526,523,99.43
2024,Class X,Tamil Nadu,"State Board of School Education, Tamil Nadu",Boys,457586,447203,396152,88.58
2024,Class X,Tamil Nadu,"State Board of School Education, Tamil Nadu",Girls,452562,447061,422591,94.53
2024,Class X,Tamil Nadu,"State Board of School Education, Tamil Nadu",Total,910148,894264,818743,91.55
2024,Class X,Telangana,"Directorate of Government Examination, Telangana",Boys,289540,285716,247018,86.46
2024,Class X,Telangana,"Directorate of Government Examination, Telangana",Girls,270062,266830,244275,91.55
2024,Class X,Telangana,"Directorate of Government Examination, Telangana",Total,559602,552546,491293,88.91
2024,Class X,Tripura,Tripura Board of Secondary Education,Boys,15666,15666,14485,92.46
2024,Class X,Tripura,Tripura Board of Secondary Education,Girls,17932,17932,16840,93.91
2024,Class X,Tripura,Tripura Board of Secondary Education,Total,33598,33598,31325,93.23
2024,Class X,Uttar Pradesh,Madhyamik Shiksha Parishad Uttar Pradesh,Boys,1571054,1439243,1238422,86.05
2024,Class X,Uttar Pradesh,Madhyamik Shiksha Parishad Uttar Pradesh,Girls,1376281,1310121,1223604,93.4
2024,Class X,Uttar Pradesh,Madhyamik Shiksha Parishad Uttar Pradesh,Total,2947335,2749364,2462026,89.55
2024,Class X,Uttar Pradesh,Aligarh Muslim University Board of Secondary & Sr.Secondary Education,Boys,854,854,803,94.03
2024,Class X,Uttar Pradesh,Aligarh Muslim University Board of Secondary & Sr.Secondary Education,Girls,672,672,644,95.83
2024,Class X,Uttar Pradesh,Aligarh Muslim University Board of Secondary & Sr.Secondary Education,Total,1526,1526,1447,94.82
2024,Class X,Uttar Pradesh,U.P. Dayalbag Education Institute,Boys,114,114,113,99.12
2024,Class X,Uttar Pradesh,U.P. Dayalbag Education Institute,Girls,135,135,131,97.04
2024,Class X,Uttar Pradesh,U.P. Dayalbag Education Institute,Total,249,249,244,97.99
2024,Class X,Uttar Pradesh,UP Board of Secondary Sanskrit Education,Boys,14029,14029,11063,78.86
2024,Class X,Uttar Pradesh,UP Board of Secondary Sanskrit Education,Girls,5203,5203,4107,78.94
2024,Class X,Uttar Pradesh,UP Board of Secondary Sanskrit Education,Total,19232,19232,15170,78.88
2024,Class X,Uttar Pradesh,U.P. Board of Madrasa Education (mats),Boys,42250,31845,30313,95.19
2024,Class X,Uttar Pradesh,U.P. Board of Madrasa Education (mats),Girls,39770,30071,29021,96.51
2024,Class X,Uttar Pradesh,U.P. Board of Madrasa Education (mats),Total,82020,61916,59334,95.83
2024,Class X,Uttarakhand,Uttarakhand Board of School Education,Boys,57507,55457,50931,91.84
2024,Class X,Uttarakhand,Uttarakhand Board of School Education,Girls,58892,57655,55608,96.45
2024,Class X,Uttarakhand,Uttarakhand Board of School Education,Total,116399,113112,106539,94.19
2024,Class X,Uttarakhand,Uttarakhand Sanskriti Shiksha Parishad,Boys,714,680,639,93.97
2024,Class X,Uttarakhand,Uttarakhand Sanskriti Shiksha Parishad,Girls,40,34,33,97.06
2024,Class X,Uttarakhand,Uttarakhand Sanskriti Shiksha Parishad,Total,754,714,672,94.12
2024,Class X,Uttarakhand,"Bhartiya Shiksha Board, Haridwar",Boys,40,40,40,100.0
2024,Class X,Uttarakhand,"Bhartiya Shiksha Board, Haridwar",Girls,56,56,56,100.0
2024,Class X,Uttarakhand,"Bhartiya Shiksha Board, Haridwar",Total,96,96,96,100.0
2024,Class X,Uttarakhand,"Madarsa Education Board, Dehradun",Boys,304,304,197,64.8
2024,Class X,Uttarakhand,"Madarsa Education Board, Dehradun",Girls,435,435,372,85.52
2024,Class X,Uttarakhand,"Madarsa Education Board, Dehradun",Total,739,739,569,77.0
2024,Class X,West Bengal,West Bengal Board of Secondary Education,Boys,406204,403899,356198,88.19
2024,Class X,West Bengal,West Bengal Board of Secondary Education,Girls,517433,508699,409061,80.41
2024,Class X,West Bengal,West Bengal Board of Secondary Education,Total,923637,912598,765259,83.85
2024,Class X,West Bengal,West Bengal Board of Madrasah Education ##,Boys,21440,20757,18978,91.43
2024,Class X,West Bengal,West Bengal Board of Madrasah Education ##,Girls,36996,35495,31337,88.29
2024,Class X,West Bengal,West Bengal Board of Madrasah Education ##,Total,58436,56252,50315,89.45
2024,Class XII,Central,"Central Board of Secondary Education, New Delhi",Boys,904065,895398,762171,85.12
2024,Class XII,Central,"Central Board of Secondary Education, New Delhi",Girls,729665,725826,664249,91.52
2024,Class XII,Central,"Central Board of Secondary Education, New Delhi",Total,1633730,1621224,1426420,87.98
2024,Class XII,Central,"Council for the Indian School Certificate Examinations, New Delhi",Boys,53209,52766,51466,97.54
2024,Class XII,Central,"Council for the Indian School Certificate Examinations, New Delhi",Girls,47310,47135,46628,98.92
2024,Class XII,Central,"Council for the Indian School Certificate Examinations, New Delhi",Total,100519,99901,98094,98.19
2024,Class XII,Andhra Pradesh,"Andhra Pradesh, Board of Intermediate Education",Boys,263941,263941,207479,78.61
2024,Class XII,Andhra Pradesh,"Andhra Pradesh, Board of Intermediate Education",Girls,271115,271115,225489,83.17
2024,Class XII,Andhra Pradesh,"Andhra Pradesh, Board of Intermediate Education",Total,535056,535056,432968,80.92
2024,Class XII,Assam,Assam Higher Secondary Education Council,Boys,137412,133831,119014,88.93
2024,Class XII,Assam,Assam Higher Secondary Education Council,Girls,142706,140068,128437,91.7
2024,Class XII,Assam,Assam Higher Secondary Education Council,Total,280118,273899,247451,90.34
2024,Class XII,Bihar,"Bihar School Examination Board, Patna",Boys,664222,596556,536820,89.99
2024,Class XII,Bihar,"Bihar School Examination Board, Patna",Girls,617588,567710,526547,92.75
2024,Class XII,Bihar,"Bihar School Examination Board, Patna",Total,1281810,1164266,1063367,91.33
2024,Class XII,Bihar,"Bihar State Madrasa Education Board, Vidyapati Marg, Patna",Boys,10427,10114,9747,96.37
2024,Class XII,Bihar,"Bihar State Madrasa Education Board, Vidyapati Marg, Patna",Girls,19485,19143,18785,98.13
2024,Class XII,Bihar,"Bihar State Madrasa Education Board, Vidyapati Marg, Patna",Total,29912,29257,28532,97.52
2024,Class XII,Chhattisgarh,Chhattisgarh Board of Secondary Education,Boys,114804,113349,90382,79.74
2024,Class XII,Chhattisgarh,Chhattisgarh Board of Secondary Education,Girls,146627,145632,125587,86.24
2024,Class XII,Chhattisgarh,Chhattisgarh Board of Secondary Education,Total,261431,258981,215969,83.39
2024,Class XII,Chhattisgarh,"Chhattisgarh Madarsa Board, Raipur",Boys,64,61,47,77.05
2024,Class XII,Chhattisgarh,"Chhattisgarh Madarsa Board, Raipur",Girls,70,66,48,72.73
2024,Class XII,Chhattisgarh,"Chhattisgarh Madarsa Board, Raipur",Total,134,127,95,74.8
2024,Class XII,Chhattisgarh,"Chhattisgarh Sanskriti Vidya Mandalam, Raipur",Boys,395,395,329,83.29
2024,Class XII,Chhattisgarh,"Chhattisgarh Sanskriti Vidya Mandalam, Raipur",Girls,286,286,262,91.61
2024,Class XII,Chhattisgarh,"Chhattisgarh Sanskriti Vidya Mandalam, Raipur",Total,681,681,591,86.78
2024,Class XII,Goa,Goa Board of Secondary & Higher Secondary Education,Boys,8501,8501,7322,86.13
2024,Class XII,Goa,Goa Board of Secondary & Higher Secondary Education,Girls,9428,9428,8650,91.75
2024,Class XII,Goa,Goa Board of Secondary & Higher Secondary Education,Total,17929,17929,15972,89.08
2024,Class XII,Gujarat,Gujarat Secondary & Higher Secondary Education Board,Boys,262925,261370,236136,90.35
2024,Class XII,Gujarat,Gujarat Secondary & Higher Secondary Education Board,Girls,257910,256257,241874,94.39
2024,Class XII,Gujarat,Gujarat Secondary & Higher Secondary Education Board,Total,520835,517627,478010,92.35
2024,Class XII,Haryana,Board of School Education Haryana,Boys,112995,111738,92754,83.01
2024,Class XII,Haryana,Board of School Education Haryana,Girls,109237,108450,95810,88.34
2024,Class XII,Haryana,Board of School Education Haryana,Total,222232,220188,188564,85.64
2024,Class XII,Himachal Pradesh,Himachal Pradesh Board of School Education,Boys,43992,43851,30846,70.34
2024,Class XII,Himachal Pradesh,Himachal Pradesh Board of School Education,Girls,41666,41566,32829,78.98
2024,Class XII,Himachal Pradesh,Himachal Pradesh Board of School Education,Total,85658,85417,63675,74.55
2024,Class XII,Jammu and Kashmir,Jammu and Kashmir Board of School Education,Boys,72962,72793,46566,63.97
2024,Class XII,Jammu and Kashmir,Jammu and Kashmir Board of School Education,Girls,66107,66055,46813,70.87
2024,Class XII,Jammu and Kashmir,Jammu and Kashmir Board of School Education,Total,139069,138848,93379,67.25
2024,Class XII,Jharkhand,"Jharkhand Academic Council, Ranchi",Boys,180728,155573,134058,86.17
2024,Class XII,Jharkhand,"Jharkhand Academic Council, Ranchi",Girls,193282,171358,155608,90.81
2024,Class XII,Jharkhand,"Jharkhand Academic Council, Ranchi",Total,374010,326931,289666,88.6
2024,Class XII,Karnataka,Karnataka School Examination And Assessment Board,Boys,307215,299514,257479,85.97
2024,Class XII,Karnataka,Karnataka School Examination And Assessment Board,Girls,354876,347403,317492,91.39
2024,Class XII,Karnataka,Karnataka School Examination And Assessment Board,Total,662091,646917,574971,88.88
2024,Class XII,Kerala,Kerala Higher Secondary Board,Boys,206567,204018,146386,71.75
2024,Class XII,Kerala,Kerala Higher Secondary Board,Girls,209314,208399,184184,88.38
2024,Class XII,Kerala,Kerala Higher Secondary Board,Total,415881,412417,330570,80.15
2024,Class XII,Kerala,"State Board of Vocational Higher Secondary, Kerala",Boys,18144,17976,12088,67.25
2024,Class XII,Kerala,"State Board of Vocational Higher Secondary, Kerala",Girls,10935,10872,9220,84.81
2024,Class XII,Kerala,"State Board of Vocational Higher Secondary, Kerala",Total,29079,28848,21308,73.86
2024,Class XII,Madhya Pradesh,"Board of Secondary Education Madhya Pradesh, Bhopal",Boys,387065,378971,235967,62.27
2024,Class XII,Madhya Pradesh,"Board of Secondary Education Madhya Pradesh, Bhopal",Girls,361418,356917,254678,71.35
2024,Class XII,Madhya Pradesh,"Board of Secondary Education Madhya Pradesh, Bhopal",Total,748483,735888,490645,66.67
2024,Class XII,Madhya Pradesh,"Maharshi Patanjali Sanskrit Sansthan,Bhopal(Madhya Pradesh)",Boys,3101,2850,2349,82.42
2024,Class XII,Madhya Pradesh,"Maharshi Patanjali Sanskrit Sansthan,Bhopal(Madhya Pradesh)",Girls,1469,1349,1129,83.69
2024,Class XII,Madhya Pradesh,"Maharshi Patanjali Sanskrit Sansthan,Bhopal(Madhya Pradesh)",Total,4570,4199,3478,82.83
2024,Class XII,Madhya Pradesh,"Maharshi Sandipani Rashtriya veda Sanskrit Shiksha Board, Ujjain",Boys,553,544,474,87.13
2024,Class XII,Madhya Pradesh,"Maharshi Sandipani Rashtriya veda Sanskrit Shiksha Board, Ujjain",Girls,0,0,0,
2024,Class XII,Madhya Pradesh,"Maharshi Sandipani Rashtriya veda Sanskrit Shiksha Board, Ujjain",Total,553,544,474,87.13
2024,Class XII,Maharashtra,Maharashtra State Board of Secondary & Higher Secondary Education,Boys,850592,844798,740701,87.68
2024,Class XII,Maharashtra,Maharashtra State Board of Secondary & Higher Secondary Education,Girls,707028,702568,652164,92.83
2024,Class XII,Maharashtra,Maharashtra State Board of Secondary & Higher Secondary Education,Total,1557620,1547366,1392865,90.02
2024,Class XII,Manipur,"Council of Higher Secondary Education, Manipur",Boys,15943,15802,15358,97.19
2024,Class XII,Manipur,"Council of Higher Secondary Education, Manipur",Girls,15406,15323,14928,97.42
2024,Class XII,Manipur,"Council of Higher Secondary Education, Manipur",Total,31349,31125,30286,97.3
2024,Class XII,Meghalaya,Meghalaya Board of School Education,Boys,13751,13386,10270,76.72
2024,Class XII,Meghalaya,Meghalaya Board of School Education,Girls,20594,20176,16725,82.9
2024,Class XII,Meghalaya,Meghalaya Board of School Education,Total,34345,33562,26995,80.43
2024,Class XII,Mizoram,Mizoram Board of School Education,Boys,5557,5457,4284,78.5
2024,Class XII,Mizoram,Mizoram Board of School Education,Girls,6437,6367,4961,77.92
2024,Class XII,Mizoram,Mizoram Board of School Education,Total,11994,11824,9245,78.19
2024,Class XII,Nagaland,Nagaland Board of School Education,Boys,8154,8031,6395,79.63
2024,Class XII,Nagaland,Nagaland Board of School Education,Girls,9698,9605,8257,85.97
2024,Class XII,Nagaland,Nagaland Board of School Education,Total,17852,17636,14652,83.08
2024,Class XII,New Delhi,Rashtriya Sanskrit Sansthan New delhi,Boys,783,783,657,83.91
2024,Class XII,New Delhi,Rashtriya Sanskrit Sansthan New delhi,Girls,364,364,332,91.21
2024,Class XII,New Delhi,Rashtriya Sanskrit Sansthan New delhi,Total,1147,1147,989,86.22
2024,Class XII,New Delhi,Delhi Board of School Education (DBSE),Boys,501,501,501,100.0
2024,Class XII,New Delhi,Delhi Board of School Education (DBSE),Girls,235,235,235,100.0
2024,Class XII,New Delhi,Delhi Board of School Education (DBSE),Total,736,736,736,100.0
2024,Class XII,Odisha,"Council of Higher Secondary Education, Odisha",Boys,186876,184358,142952,77.54
2024,Class XII,Odisha,"Council of Higher Secondary Education, Odisha",Girls,199384,197533,172150,87.15
2024,Class XII,Odisha,"Council of Higher Secondary Education, Odisha",Total,386260,381891,315102,82.51
2024,Class XII,Punjab,Punjab School Education Board,Boys,156804,154446,140182,90.76
2024,Class XII,Punjab,Punjab School Education Board,Girls,132622,131418,125849,95.76
2024,Class XII,Punjab,Punjab School Education Board,Total,289426,285864,266031,93.06
2024,Class XII,Rajasthan,"Board of Secondary Education, Rajasthan",Boys,462548,455432,441764,97.0
2024,Class XII,Rajasthan,"Board of Secondary Education, Rajasthan",Girls,402646,398967,393625,98.66
2024,Class XII,Rajasthan,"Board of Secondary Education, Rajasthan",Total,865194,854399,835389,97.78
2024,Class XII,Rajasthan,"Banasthali Vidyapith , Rajasthan#",Boys,11,11,11,100.0
2024,Class XII,Rajasthan,"Banasthali Vidyapith , Rajasthan#",Girls,923,923,920,99.67
2024,Class XII,Rajasthan,"Banasthali Vidyapith , Rajasthan#",Total,934,934,931,99.68
2024,Class XII,Tamil Nadu,"State Board of School Education, Tamil Nadu",Boys,358272,352165,325305,92.37
2024,Class XII,Tamil Nadu,"State Board of School Education, Tamil Nadu",Girls,414076,408441,393891,96.44
2024,Class XII,Tamil Nadu,"State Board of School Education, Tamil Nadu",Total,772348,760606,719196,94.56
2024,Class XII,Telangana,Telangana State Board of Intermediate Education,Boys,290177,258820,182194,70.39
2024,Class XII,Telangana,Telangana State Board of Intermediate Education,Girls,268978,250254,207053,82.74
2024,Class XII,Telangana,Telangana State Board of Intermediate Education,Total,559155,509074,389247,76.46
2024,Class XII,Tripura,Tripura Board of Secondary Education **,Boys,11811,11811,10720,90.76
2024,Class XII,Tripura,Tripura Board of Secondary Education **,Girls,13467,13467,12689,94.22
2024,Class XII,Tripura,Tripura Board of Secondary Education **,Total,25278,25278,23409,92.61
2024,Class XII,Uttar Pradesh,Madhyamik Shiksha Parishad Uttar Pradesh,Boys,1428307,1341356,1043289,77.78
2024,Class XII,Uttar Pradesh,Madhyamik Shiksha Parishad Uttar Pradesh,Girls,1149700,1111474,982778,88.42
2024,Class XII,Uttar Pradesh,Madhyamik Shiksha Parishad Uttar Pradesh,Total,2578007,2452830,2026067,82.6
2024,Class XII,Uttar Pradesh,Aligarh Muslim University Board of Secondary & Sr.Secondary Education,Boys,1737,1737,1623,93.44
2024,Class XII,Uttar Pradesh,Aligarh Muslim University Board of Secondary & Sr.Secondary Education,Girls,1278,1278,1265,98.98
2024,Class XII,Uttar Pradesh,Aligarh Muslim University Board of Secondary & Sr.Secondary Education,Total,3015,3015,2888,95.79
2024,Class XII,Uttar Pradesh,U.P. Dayalbag Education Institute,Boys,87,87,87,100.0
2024,Class XII,Uttar Pradesh,U.P. Dayalbag Education Institute,Girls,124,124,124,100.0
2024,Class XII,Uttar Pradesh,U.P. Dayalbag Education Institute,Total,211,211,211,100.0
2024,Class XII,Uttar Pradesh,UP Board of Secondary Sanskrit Education,Boys,9299,9299,7387,79.44
2024,Class XII,Uttar Pradesh,UP Board of Secondary Sanskrit Education,Girls,3315,3315,2639,79.61
2024,Class XII,Uttar Pradesh,UP Board of Secondary Sanskrit Education,Total,12614,12614,10026,79.48
2024,Class XII,Uttar Pradesh,U.P. Board of Madrasa Education (mats),Boys,10504,8834,8691,98.38
2024,Class XII,Uttar Pradesh,U.P. Board of Madrasa Education (mats),Girls,11128,9925,9838,99.12
2024,Class XII,Uttar Pradesh,U.P. Board of Madrasa Education (mats),Total,21632,18759,18529,98.77
2024,Class XII,Uttarakhand,Uttarakhand Board of School Education,Boys,45599,44163,38513,87.21
2024,Class XII,Uttarakhand,Uttarakhand Board of School Education,Girls,49181,48382,45130,93.28
2024,Class XII,Uttarakhand,Uttarakhand Board of School Education,Total,94780,92545,83643,90.38
2024,Class XII,Uttarakhand,Uttarakhand Sanskriti Shiksha Parishad,Boys,662,624,615,98.56
2024,Class XII,Uttarakhand,Uttarakhand Sanskriti Shiksha Parishad,Girls,60,55,53,96.36
2024,Class XII,Uttarakhand,Uttarakhand Sanskriti Shiksha Parishad,Total,722,679,668,98.38
2024,Class XII,Uttarakhand,"Madarsa Education Board, Dehradun",Boys,114,113,84,74.34
2024,Class XII,Uttarakhand,"Madarsa Education Board, Dehradun",Girls,224,223,164,73.54
2024,Class XII,Uttarakhand,"Madarsa Education Board, Dehradun",Total,338,336,248,73.81
2024,Class XII,West Bengal,West Bengal council of Higher Secondary Education,Boys,446449,437414,380759,87.05
2024,Class XII,West Bengal,West Bengal council of Higher Secondary Education,Girls,343490,340044,311454,91.59
2024,Class XII,West Bengal,West Bengal council of Higher Secondary Education,Total,789939,777458,692213,89.04
2024,Class XII,West Bengal,West Bengal Board of Madrasah Education,Boys,3193,3068,2964,96.61
2024,Class XII,West Bengal,West Bengal Board of Madrasah Education,Girls,3258,3002,2657,88.51
2024,Class XII,West Bengal,West Bengal Board of Madrasah Education,Total,6451,6070,5621,92.6
